TF,median_LPS,median_NS,effect,U,p,n_LPS,n_NS,FDR,sig
ZNF808,-5.45601411674523,4.699006155226184,-10.155020271971413,22.0,6.1460632903548506e-40,136,104,7.535547257243951e-39,***
ZNF786,-3.809456122479112,2.1411815152862523,-5.9506376377653645,33.0,8.085971314148296e-40,136,104,7.535547257243951e-39,***
ZNF780A,-2.493006678887937,1.5288284670862309,-4.021835145974167,29.0,7.3186605244349534e-40,136,104,7.535547257243951e-39,***
ZNF706,-2.3042109285906838,3.7882148983440045,-6.092425826934688,0.0,3.5462942686633207e-40,136,104,7.535547257243951e-39,***
ZNF616,-1.7595102014782165,-0.08042288109257037,-1.679087320385646,33.0,8.085971314148296e-40,136,104,7.535547257243951e-39,***
FOXN3,-7.317119821534659,9.845897185886653,-17.16301700742131,12.0,4.787763439879018e-40,136,104,7.535547257243951e-39,***
ETV3L,7.067227153975684,-6.7630289777353,13.830256131710984,14126.0,5.561981447646399e-40,136,104,7.535547257243951e-39,***
ETV3,5.239563565856422,-7.458739214239456,12.698302780095878,14108.0,8.71348076854761e-40,136,104,7.535547257243951e-39,***
SMAD1,-1.7282779593451132,4.032886974982186,-5.761164934327299,22.0,6.1460632903548506e-40,136,104,7.535547257243951e-39,***
SNAI1,7.086568772522852,-8.867065218203559,15.95363399072641,14108.0,8.71348076854761e-40,136,104,7.535547257243951e-39,***
SNAI3,1.1825370604056795,5.163916504864655,-3.981379444458976,10.0,4.554299316396011e-40,136,104,7.535547257243951e-39,***
SNAPC2,3.3820716906614607,10.56756499613821,-7.185493305476749,10.0,4.554299316396011e-40,136,104,7.535547257243951e-39,***
ZNF317,-2.975622555090739,6.2205721959596145,-9.196194751050353,6.0,4.120795813519953e-40,136,104,7.535547257243951e-39,***
HEY1,8.591452252818195,-8.201785816904174,16.79323806972237,14112.0,7.88695437633916e-40,136,104,7.535547257243951e-39,***
HES4,8.83716690323295,-3.769709870518903,12.606876773751853,14140.0,3.919690133599643e-40,136,104,7.535547257243951e-39,***
GTF2I,-5.344466220400799,6.581609813483493,-11.926076033884293,35.0,8.499108441503394e-40,136,104,7.535547257243951e-39,***
STAT3,6.7712881509480365,-8.31601426837714,15.087302419325177,14135.0,4.441848399421282e-40,136,104,7.535547257243951e-39,***
ZBTB10,3.6686718789749415,-7.987950105510635,11.656621984485575,14132.0,4.787763439879018e-40,136,104,7.535547257243951e-39,***
ZBTB2,0.09064922887265034,-9.404320313640838,9.494969542513488,14109.0,8.499108441503394e-40,136,104,7.535547257243951e-39,***
HIF1A,5.050721810169829,-9.223005058962901,14.27372686913273,14111.0,8.085971314148296e-40,136,104,7.535547257243951e-39,***
HIC2,2.5720317525425047,5.0214038155449785,-2.449372063002474,11.0,4.669580719969133e-40,136,104,7.535547257243951e-39,***
IRF7,9.841803765235365,-2.236572323884073,12.078376089119438,14113.0,7.69280883509074e-40,136,104,7.535547257243951e-39,***
HMG20B,3.273153029730903,10.006325802530558,-6.733172772799655,2.0,3.7283467274775086e-40,136,104,7.535547257243951e-39,***
HIVEP1,6.287558803598348,-8.903908634632437,15.191467438230784,14131.0,4.908920067770123e-40,136,104,7.535547257243951e-39,***
RELA,10.017723732679986,-5.755229343855241,15.772953076535227,14131.0,4.908920067770123e-40,136,104,7.535547257243951e-39,***
RELB,8.904336993813583,-6.843080650375834,15.747417644189417,14111.0,8.085971314148296e-40,136,104,7.535547257243951e-39,***
ZBED3,-8.119414656795612,2.727690437692247,-10.847105094487858,22.0,6.1460632903548506e-40,136,104,7.535547257243951e-39,***
YBX1,4.81835916265114,10.125332003347797,-5.306972840696657,0.0,3.5462942686633207e-40,136,104,7.535547257243951e-39,***
PPARG,-0.5729801925978639,6.8885739909959565,-7.461554183593821,8.0,4.332158858693368e-40,136,104,7.535547257243951e-39,***
RARG,-3.3191033598519883,6.48282368658165,-9.801927046433638,9.0,4.441848399421282e-40,136,104,7.535547257243951e-39,***
PLSCR1,5.842545613410644,-8.46244025451276,14.304985867923405,14121.0,6.301371728744853e-40,136,104,7.535547257243951e-39,***
TET3,1.7226765846977865,6.919724374824772,-5.197047790126986,7.0,4.2251632617510754e-40,136,104,7.535547257243951e-39,***
IRF2,6.651650830445031,-3.158302870971588,9.80995370141662,14122.0,6.1460632903548506e-40,136,104,7.535547257243951e-39,***
ZBED4,-1.2970159266713854,4.3939865454601765,-5.6910024721315615,0.0,3.5462942686633207e-40,136,104,7.535547257243951e-39,***
CREM,5.665204406323572,-4.146504855405466,9.811709261729039,14122.0,6.1460632903548506e-40,136,104,7.535547257243951e-39,***
EBF1,2.609605787711034,-6.7001083196009965,9.30971410731203,14121.0,6.301371728744853e-40,136,104,7.535547257243951e-39,***
EHF,6.450844367777442,-7.320361534483858,13.7712059022613,14125.0,5.702610240667078e-40,136,104,7.535547257243951e-39,***
THRA,-4.840577919268581,8.264928747083461,-13.105506666352042,25.0,6.623791946404265e-40,136,104,7.535547257243951e-39,***
ZNF592,4.0540547866083845,9.462349340213873,-5.408294553605488,26.0,6.791101061528871e-40,136,104,7.535547257243951e-39,***
ZNF577,-5.266216470052968,2.1185060154804796,-7.384722485533448,31.0,7.69280883509074e-40,136,104,7.535547257243951e-39,***
MITF,0.5025193851300827,9.247349307858855,-8.744829922728773,1.0,3.6361876906354198e-40,136,104,7.535547257243951e-39,***
MAZ,-3.4504227619807653,11.2842732923156,-14.734696054296364,20.0,5.8467742140327956e-40,136,104,7.535547257243951e-39,***
CEBPG,-0.5923903104341433,4.543845091226123,-5.136235401660266,4.0,3.919690133599643e-40,136,104,7.535547257243951e-39,***
ZGLP1,-2.9625418256078984,8.090915593563544,-11.053457419171442,1.0,3.6361876906354198e-40,136,104,7.535547257243951e-39,***
ARID5A,7.8472592851343865,-6.490119016890569,14.337378302024955,14133.0,4.669580719969133e-40,136,104,7.535547257243951e-39,***
ARNT2,7.199419539495777,-7.3092948681912215,14.508714407686998,14126.0,5.561981447646399e-40,136,104,7.535547257243951e-39,***
CEBPA,0.14845372549336766,12.975814388469537,-12.827360662976169,36.0,8.71348076854761e-40,136,104,7.535547257243951e-39,***
BATF,8.071297045503986,-9.094093399360936,17.165390444864922,14133.0,4.669580719969133e-40,136,104,7.535547257243951e-39,***
CREB3L2,1.6778745573151594,2.8713662917699203,-1.1934917344547609,0.0,3.5462942686633207e-40,136,104,7.535547257243951e-39,***
CREB5,-2.5546946474466985,1.767314719124859,-4.3220093665715575,0.0,3.5462942686633207e-40,136,104,7.535547257243951e-39,***
ZHX2,4.421589872546117,-4.668958928426043,9.09054880097216,14138.0,4.120795813519953e-40,136,104,7.535547257243951e-39,***
KDM2B,-0.8992541286099314,13.165685135454321,-14.064939264064252,33.0,8.085971314148296e-40,136,104,7.535547257243951e-39,***
NKX3-1,6.899636944958261,-10.33268484409163,17.23232178904989,14129.0,5.160454486046227e-40,136,104,7.535547257243951e-39,***
NFXL1,-7.198735373390592,7.444632839444767,-14.643368212835359,26.0,6.791101061528871e-40,136,104,7.535547257243951e-39,***
ZBTB32,3.48374461816638,-7.448090918508157,10.931835536674537,14106.0,9.158486904924032e-40,136,104,7.776387971999133e-39,***
HHEX,-4.018097548955202,4.173271079422127,-8.19136862837733,40.0,9.626085148776175e-40,136,104,8.027467436568704e-39,***
TFEB,2.1170893234126287,13.33371343952889,-11.216624116116261,41.0,9.86871037255522e-40,136,104,8.085417094707522e-39,***
CENPX,4.2122784229843315,9.59505006997913,-5.382771646994799,43.0,1.037235210870476e-39,136,104,8.155076261782096e-39,***
KLF6,10.230154825858747,-2.4454259619120817,12.67558078777083,14098.0,1.1176121643555764e-39,136,104,8.155076261782096e-39,***
PBX3,-5.415715102687292,8.437571181226103,-13.853286283913395,44.0,1.0633675291027323e-39,136,104,8.155076261782096e-39,***
FLI1,-8.484451209427693,4.924903790280448,-13.40935499970814,45.0,1.0901544139215253e-39,136,104,8.155076261782096e-39,***
SP100,4.615986934201384,-9.688617836735927,14.304604770937312,14098.0,1.1176121643555764e-39,136,104,8.155076261782096e-39,***
SOX5,6.181887791776914,-8.556222229397292,14.738110021174206,14100.0,1.0633675291027323e-39,136,104,8.155076261782096e-39,***
YY1,2.6803137023086356,3.3964485135438878,-0.7161348112352521,46.0,1.1176121643555764e-39,136,104,8.155076261782096e-39,***
DNMT1,-3.525755223986658,5.855062819085875,-9.380818043072534,47.0,1.1457574828528528e-39,136,104,8.231826838342804e-39,***
NR3C1,4.35931781539326,-9.70549377875403,14.06481159414729,14094.0,1.2344921326054236e-39,136,104,8.604594416816907e-39,***
ARID5B,3.6713346649881653,-8.505836268995665,12.177170933983831,14094.0,1.2344921326054236e-39,136,104,8.604594416816907e-39,***
PLAGL2,7.081348286891801,-7.947580503811153,15.028928790702954,14088.0,1.4329747076536467e-39,136,104,9.238507388556813e-39,***
FOS,-1.610546621805558,5.904274279551846,-7.514820901357403,60.0,1.582613685405878e-39,136,104,9.238507388556813e-39,***
ZNF692,1.8878365200428742,9.040059132501451,-7.152222612458576,56.0,1.4329747076536467e-39,136,104,9.238507388556813e-39,***
ZNF74,-4.235320844936245,7.242817426097479,-11.478138271033725,55.0,1.3978179920794177e-39,136,104,9.238507388556813e-39,***
PRDM8,4.590128699226039,-1.115012081169767,5.705140780395806,14087.0,1.4690105120401208e-39,136,104,9.238507388556813e-39,***
PRMT3,-2.095099074757907,1.231903693651592,-3.327002768409499,58.0,1.505947256700656e-39,136,104,9.238507388556813e-39,***
XPA,-6.187776315190932,7.36109140093736,-13.548867716128292,58.0,1.505947256700656e-39,136,104,9.238507388556813e-39,***
PBX2,0.3879639533656731,11.664071896340317,-11.276107942974644,59.0,1.5438073329885658e-39,136,104,9.238507388556813e-39,***
ZBTB48,3.988811259040106,11.610322242912765,-7.62151098387266,60.0,1.582613685405878e-39,136,104,9.238507388556813e-39,***
ZNF219,-1.0194172793773228,12.999097958978494,-14.018515238355818,57.0,1.4690105120401208e-39,136,104,9.238507388556813e-39,***
NFKB2,8.98285474476397,-5.402808337133606,14.385663081897576,14084.0,1.582613685405878e-39,136,104,9.238507388556813e-39,***
ZNF124,-7.493509388601371,4.118309282242658,-11.611818670844029,58.0,1.505947256700656e-39,136,104,9.238507388556813e-39,***
IRF9,9.404493289845728,-3.1949622920496323,12.599455581895361,14090.0,1.3635190408050209e-39,136,104,9.238507388556813e-39,***
INSM1,9.873424535668722,-0.3431342294604197,10.216558765129141,14083.0,1.6223898251846193e-39,136,104,9.239707906844112e-39,***
TRERF1,-6.6015279729910805,5.16793757556208,-11.76946554855316,61.0,1.6223898251846193e-39,136,104,9.239707906844112e-39,***
DBP,-4.564685225079775,8.81914127734051,-13.383826502420284,64.0,1.747780876504308e-39,136,104,9.83389963045195e-39,***
TSHZ1,-5.863661816114755,5.539851428483079,-11.403513244597834,67.0,1.8828038136176635e-39,136,104,1.0344345658346458e-38,***
NFATC3,-6.663830598291882,2.4097515247363974,-9.07358212302828,67.0,1.8828038136176635e-39,136,104,1.0344345658346458e-38,***
RREB1,0.8049276588889983,14.462189535843436,-13.657261876954438,69.0,1.978530996019676e-39,136,104,1.0620390518864238e-38,***
ETS2,7.900367203914933,-7.3162152063762385,15.21658241029117,14075.0,1.978530996019676e-39,136,104,1.0620390518864238e-38,***
MSANTD3,7.163865688687494,-7.6783429535722645,14.84220864225976,14074.0,2.0281939011540128e-39,136,104,1.0763256270896863e-38,***
CSRNP2,7.962037303131437,-4.44160515746008,12.403642460591517,14073.0,2.079096111558066e-39,136,104,1.0909414428063112e-38,***
CSRNP1,8.656165643217824,-6.939811518006358,15.595977161224182,14071.0,2.1847421757023548e-39,136,104,1.1211808747835162e-38,***
HIVEP2,4.30041390138401,-10.269618403017986,14.570032304401996,14071.0,2.1847421757023548e-39,136,104,1.1211808747835162e-38,***
SKIL,3.373009333034991,-8.123576295528641,11.496585628563633,14069.0,2.2957243353182215e-39,136,104,1.1527992092404402e-38,***
ZNF503,-1.1888041577871866,12.372181150349604,-13.560985308136791,75.0,2.2957243353182215e-39,136,104,1.1527992092404402e-38,***
USF1,2.1170257554053933,7.875259948218931,-5.758234192813537,76.0,2.3532996489960056e-39,136,104,1.1691392937033347e-38,***
LIN54,3.8283383982514367,-3.9914548913187105,7.819793289570147,14066.0,2.4727923778486795e-39,136,104,1.2155726741635087e-38,***
ZNF263,3.4411921932025495,8.891760846004424,-5.4505686528018735,79.0,2.5347818257839012e-39,136,104,1.2203537243722493e-38,***
FOSL2,8.486368027425652,-4.193280726786039,12.67964875421169,14065.0,2.5347818257839012e-39,136,104,1.2203537243722493e-38,***
REPIN1,0.5297672082833464,10.795074145215592,-10.265306936932246,81.0,2.6634336731723803e-39,136,104,1.2563873993651532e-38,***
GLIS3,9.587428101206843,-3.476462426493833,13.063890527700675,14063.0,2.6634336731723803e-39,136,104,1.2563873993651532e-38,***
NFE2L2,5.160612045857788,-5.487008716537348,10.647620762395135,14062.0,2.730173559792692e-39,136,104,1.2623673786368188e-38,***
ESRRA,5.111132389577816,6.697687123844187,-1.5865547342663708,82.0,2.730173559792692e-39,136,104,1.2623673786368188e-38,***
ZHX3,-1.411427014685739,0.4479540037783223,-1.8593810184640613,86.0,3.014175495142575e-39,136,104,1.366621316729692e-38,***
MTF1,5.639227902529299,-8.461976389366988,14.101204291896288,14058.0,3.014175495142575e-39,136,104,1.366621316729692e-38,***
KLF2,-0.7470804321221078,6.7910678046359205,-7.538148236758028,87.0,3.089650134509934e-39,136,104,1.3873717430924417e-38,***
TGIF1,9.312830293677822,-2.9860192044985614,12.298849498176383,14056.0,3.1670035645772234e-39,136,104,1.3952742119410976e-38,***
MXD1,5.617572252847596,-5.7729948817520205,11.390567134599618,14056.0,3.1670035645772234e-39,136,104,1.3952742119410976e-38,***
KLF7,-6.607232323215568,8.76415467681056,-15.371387000026127,89.0,3.2462822750003196e-39,136,104,1.4168353480608872e-38,***
ZBTB17,9.15501611346269,-4.473989900262633,13.629006013725323,14052.0,3.4961523039572726e-39,136,104,1.5117621536555984e-38,***
ZNF524,2.585792095352282,13.934885043277696,-11.349092947925413,95.0,3.765136489940679e-39,136,104,1.6131364594516486e-38,***
EEA1,0.9773654742189477,3.6037411630906178,-2.6263756888716703,102.0,4.475467458395657e-39,136,104,1.882921894658353e-38,***
HLX,8.467617923544735,-3.104303622719142,11.571921546263876,14042.0,4.475467458395657e-39,136,104,1.882921894658353e-38,***
ZNF18,-6.248279173619732,0.4506075516172826,-6.698886725237014,105.0,4.819291287565914e-39,136,104,2.0094723493690015e-38,***
ZNF526,3.429043266081621,5.464269461901668,-2.035226195820047,106.0,4.9396372907350804e-39,136,104,2.0414253228082147e-38,***
MEF2A,1.1850825875504025,2.7399287988761927,-1.5548462113257902,111.0,5.587681926661663e-39,136,104,2.269084747609562e-38,***
JUNB,7.9056968980811915,-2.0027786275404997,9.908475525621691,14033.0,5.587681926661663e-39,136,104,2.269084747609562e-38,***
ZNF281,2.1994845738518016,-7.55795764328933,9.757442217141133,14032.0,5.7270956811301576e-39,136,104,2.2859433188784476e-38,***
MSC,7.71143456507125,-2.009915208645987,9.721349773717236,14032.0,5.7270956811301576e-39,136,104,2.2859433188784476e-38,***
BHLHE40,3.698581099245024,-0.43331652702560425,4.131897626270629,14031.0,5.869967288437776e-39,136,104,2.303592204790287e-38,***
ZNF558,-0.7857590082623854,5.337329536301363,-6.123088544563748,113.0,5.869967288437776e-39,136,104,2.303592204790287e-38,***
CXXC5,0.09604938453916778,5.048860916845418,-4.95281153230625,115.0,6.166427146531737e-39,136,104,2.399767897858601e-38,***
MBNL2,-4.9553407472380115,5.898589698328694,-10.853930445566705,119.0,6.804734890193215e-39,136,104,2.6262902427439927e-38,***
GPBP1,0.16877619273597122,-6.967910352883072,7.136686545619043,14023.0,7.14810447119997e-39,136,104,2.713955112236086e-38,***
MAX,1.1751150929942216,3.809823350633633,-2.6347082576394114,121.0,7.14810447119997e-39,136,104,2.713955112236086e-38,***
ZFP64,-7.370570619367639,-0.9940561035155047,-6.376514515852135,122.0,7.326194620501894e-39,136,104,2.7591394256245036e-38,***
ZNF385A,0.3076959863853636,14.687436303388061,-14.379740317002698,124.0,7.695715633330738e-39,136,104,2.852300952988456e-38,***
ZNF652,-2.984284265459946,1.3241545559511123,-4.308438821411059,124.0,7.695715633330738e-39,136,104,2.852300952988456e-38,***
BCL6,9.894108096992264,-3.119386964443224,13.013495061435489,14019.0,7.887366314481955e-39,136,104,2.9003150148528134e-38,***
NFKB1,6.638084988559379,-6.331387006856723,12.969471995416102,14018.0,8.083761482764547e-39,136,104,2.926446986396158e-38,***
KLF10,8.898507229029475,-1.3345595081291446,10.23306673715862,14018.0,8.083761482764547e-39,136,104,2.926446986396158e-38,***
ZKSCAN3,-3.3505829698999134,0.24117517202687644,-3.59175814192679,127.0,8.285017883773605e-39,136,104,2.976233347478672e-38,***
SP110,4.584983336168786,-6.446800500519876,11.031783836688662,14016.0,8.491255118176818e-39,136,104,3.0270352215179954e-38,***
THAP11,1.9657617660420956,9.220857434548941,-7.255095668506845,129.0,8.702595711098604e-39,136,104,3.0788728765780666e-38,***
NFIA,-1.9423779101272052,1.6969124498028145,-3.63929035993002,137.0,1.059276734600552e-38,136,104,3.719415301191412e-38,***
SETDB2,-5.4450308571757695,-0.6408114904719262,-4.804219366703843,138.0,1.0856070904671966e-38,136,104,3.783421725732693e-38,***
STAT5A,8.991978612774801,-0.8448301951819506,9.836808807956752,14005.0,1.1125880434536228e-38,136,104,3.848730491058088e-38,***
FAM200B,-4.26063876085249,8.769397108434914,-13.030035869287403,143.0,1.2273432992140534e-38,136,104,4.2144802995070806e-38,***
ZNF664,-5.999183694008457,-2.491337096921681,-3.5078465970867763,144.0,1.257824855277018e-38,136,104,4.287621951929689e-38,***
HMGN3,-9.020292131946993,1.287421822848379,-10.307713954795371,145.0,1.2890589207765696e-38,136,104,4.36225011596129e-38,***
TBX19,-0.7200703596166094,7.189654505164602,-7.909724864781211,147.0,1.353858889602188e-38,136,104,4.54857626938289e-38,***
ZNF169,-2.615612042255889,3.5436950278707107,-6.1593070701266,148.0,1.3874630843125265e-38,136,104,4.6281804312424994e-38,***
ZNF589,-4.153402732182066,1.3431014267317498,-5.496504158913815,149.0,1.4218963933141742e-38,136,104,4.709401529629215e-38,***
ZNF267,4.614107830372701,-4.83408228426481,9.448190114637512,13991.0,1.5683349270969495e-38,136,104,5.157833879959685e-38,***
EGR2,-1.5794565447673548,3.272857691498431,-4.852314236265785,154.0,1.6072288871588677e-38,136,104,5.248782449672666e-38,***
SP1,0.8607948404944004,10.824756828858547,-9.963961988364147,158.0,1.7726303826914137e-38,136,104,5.709092335978553e-38,***
BACH1,10.361286461290117,2.131903811068141,8.229382650221975,13986.0,1.7726303826914137e-38,136,104,5.709092335978553e-38,***
MAFG,9.230467049690088,-0.7747862104052383,10.005253260095326,13985.0,1.816558980982072e-38,136,104,5.810500302182382e-38,***
CASZ1,6.750387994362399,-4.315711629509593,11.066099623871992,13978.0,2.1558877366313925e-38,136,104,6.848976687121499e-38,***
JUND,4.534451088850982,5.79984746024029,-1.2653963713893077,167.0,2.2092521984863548e-38,136,104,6.97108632900762e-38,***
BATF3,9.738650489970201,-3.148068205136856,12.886718695107056,13972.0,2.4964235057501144e-38,136,104,7.824360920706734e-38,***
ZNF689,-0.6318187669793842,0.9288474319471445,-1.5606661989265287,182.0,3.1867661263246004e-38,136,104,9.790919611799924e-38,***
MYCL,-1.86614004636423,12.169846828401894,-14.035986874766124,182.0,3.1867661263246004e-38,136,104,9.790919611799924e-38,***
FOXJ2,-3.570648366945145,9.145084596961508,-12.715732963906653,182.0,3.1867661263246004e-38,136,104,9.790919611799924e-38,***
ZNF609,-3.13881233115559,6.10287519886411,-9.2416875300197,186.0,3.5133417953744093e-38,136,104,1.0723729532286596e-37,***
MEF2D,-1.153947308663394,3.2301810918784764,-4.38412840054187,188.0,3.6888957913733923e-38,136,104,1.1186456717995936e-37,***
CAMTA2,4.411545484538433,13.010876831241454,-8.599331346703021,189.0,3.7799155687911677e-38,136,104,1.131551647836843e-37,***
CENPT,1.6826731348177026,8.819657599752642,-7.1369844649349385,189.0,3.7799155687911677e-38,136,104,1.131551647836843e-37,***
AHRR,2.8583622237566866,8.346242856974186,-5.487880633217499,193.0,4.166868049658893e-38,136,104,1.2394441905673268e-37,***
GTF3A,-3.98151647680287,1.450236429368346,-5.431752906171216,198.0,4.706359613307705e-38,136,104,1.3910569236801886e-37,***
ZNF335,4.398418086391229,9.442069180769852,-5.043651094378624,200.0,4.941111027685331e-38,136,104,1.4421867812056562e-37,***
ZBTB14,-6.154980166182982,0.6503057085346806,-6.805285874717663,200.0,4.941111027685331e-38,136,104,1.4421867812056562e-37,***
ZNF783,-0.44765445341967985,4.443833594557396,-4.8914880479770755,207.0,5.858210823212647e-38,136,104,1.699245002757954e-37,***
ZKSCAN4,-7.526594853073359,-4.2312850502963535,-3.2953098027770054,208.0,6.002357092223053e-38,136,104,1.7303091123877564e-37,***
RUNX1,11.203888925308846,2.921545934574659,8.282342990734186,13932.0,6.615062582167163e-38,136,104,1.895235721393905e-37,***
STAT4,1.0891855964837505,-2.8785457965190426,3.967731393002793,13926.0,7.652556598952988e-38,136,104,2.1659054131582093e-37,***
NFAT5,1.9340013235399036,-1.4429428985660067,3.3769442221059105,13926.0,7.652556598952988e-38,136,104,2.1659054131582093e-37,***
KLF16,2.2797073358827236,2.959673847804483,-0.6799665119217595,219.0,7.84055241847227e-38,136,104,2.2057457707388856e-37,***
SMAD5,-0.11958947065501013,0.1085052777418149,-0.22809474839682503,223.0,8.639565713962357e-38,136,104,2.415974364323605e-37,***
MEF2C,0.24002450111225737,2.8297319362483324,-2.589707435136075,225.0,9.068916795483673e-38,136,104,2.5209429425540923e-37,***
PIN1,6.283521966497132,8.549712222261935,-2.266190255764803,237.0,1.2128546937168857e-37,136,104,3.3514978814543526e-37,***
JDP2,1.3846469043077734,12.80467830452088,-11.420031400213107,238.0,1.242567547210032e-37,136,104,3.4134061443946172e-37,***
SRF,5.834568941067383,1.6945133399164494,4.140055601150934,13903.0,1.3361173013157635e-37,136,104,3.6489285363418806e-37,***
ZBTB40,1.1202436734499415,2.583213006508852,-1.4629693330589104,242.0,1.3688307144108005e-37,136,104,3.716534555987464e-37,***
PLAGL1,1.850371120686221,7.334861382402388,-5.484490261716167,248.0,1.5825183213541263e-37,136,104,4.271884717181369e-37,***
ZNF469,4.080343245169482,1.8154889353741104,2.2648543097953717,13880.0,2.3285126148080804e-37,136,104,6.249513742042377e-37,***
RBPJ,-1.40339710689108,1.4148183192306332,-2.8182154261217134,267.0,2.503137034224635e-37,136,104,6.641846562402866e-37,***
ZNF189,0.986505152583321,-0.5482332428040054,1.5347383953873264,13877.0,2.503137034224635e-37,136,104,6.641846562402866e-37,***
CC2D1A,4.096832003344852,5.203302111440684,-1.1064701080958317,284.0,3.768719041975814e-37,136,104,9.943456455382516e-37,***
AKAP8,6.275673005394662,7.689805784576195,-1.414132779181533,289.0,4.2498887903194384e-37,136,104,1.1149989129658302e-36,***
TIGD5,3.762943913511896,7.032212321487922,-3.269268407976026,290.0,4.35321149321753e-37,136,104,1.1357261270014449e-36,***
RXRB,5.527518135101699,8.630673411134364,-3.1031552760326644,294.0,4.792072444333194e-37,136,104,1.2432765730575563e-36,***
MNT,4.251716386411717,10.00130123854855,-5.749584852136833,295.0,4.90849075566858e-37,136,104,1.2664448524294072e-36,***
ZNF174,-1.3637307453845973,0.0213654369026562,-1.3850961822872534,299.0,5.402953002243333e-37,136,104,1.3863621165096905e-36,***
TBP,0.8383454052688188,1.3821187672794708,-0.543773362010652,303.0,5.946892475080977e-37,136,104,1.5175949649523586e-36,***
SAFB2,4.8297854350593905,10.065938479763913,-5.236153044704523,314.0,7.739745360256597e-37,136,104,1.964381023499908e-36,***
ERF,4.779273994558084,8.756156861685001,-3.9768828671269176,315.0,7.927219435602042e-37,136,104,2.0010872845546777e-36,***
AKAP8L,4.78312659048054,9.025220685494414,-4.242094095013874,324.0,9.831060357569142e-37,136,104,2.468336122034833e-36,***
ATF6B,4.287659015652951,8.69445118314259,-4.406792167489639,329.0,1.107848104205929e-36,136,104,2.7666580998083897e-36,***
MBD3,5.941615075944048,7.206844107485537,-1.2652290315414891,333.0,1.2188682090105813e-36,136,104,3.0277204979145825e-36,***
LYL1,4.627924125080885,11.587704768964777,-6.959780643883891,339.0,1.4064553718817907e-36,136,104,3.475209834226435e-36,***
MLXIP,-2.297801109917631,6.78472958725564,-9.082530697173272,341.0,1.4751523236914345e-36,136,104,3.625769132441578e-36,***
ZNF101,-3.477935889355845,-7.11996809652851,3.6420322071726647,13798.0,1.66183366621889e-36,136,104,4.063226817404302e-36,***
ZNF324,2.7174785124864176,3.6117434895240867,-0.8942649770376692,348.0,1.742918940591878e-36,136,104,4.23928721487712e-36,***
BAZ2B,2.8070578774866792,10.602537740114968,-7.795479862628289,358.0,2.2112314127254067e-36,136,104,5.350492589340751e-36,***
ZNF34,0.3830767312025064,0.817664503079867,-0.43458777187736064,359.0,2.2644437552737294e-36,136,104,5.451006359344492e-36,***
IRF4,1.8182437542617764,-0.8240911101823618,2.6423348644441385,13779.0,2.6115219653200968e-36,136,104,6.190765268043072e-36,***
ZBTB34,3.792011297096681,6.625563458613518,-2.8335521615168373,365.0,2.6115219653200968e-36,136,104,6.190765268043072e-36,***
ZNF511,1.3749539804046353,2.044079462508841,-0.6691254821042056,365.0,2.6115219653200968e-36,136,104,6.190765268043072e-36,***
HMGA2,3.972143751878595,-7.049689375401198,11.021833127279793,13775.0,2.871781463701106e-36,136,104,6.773343149234426e-36,***
ZNF703,4.560490868311934,6.209487459011873,-1.648996590699939,378.0,3.5554316117729956e-36,136,104,8.343651068834115e-36,***
ZNF467,2.3802110921942012,13.009600279072743,-10.62938918687854,388.0,4.506023611870877e-36,136,104,1.0521565133718499e-35,***
IKZF3,-4.4896588693555985,-7.049605780071784,2.559946910716185,13745.0,5.845332305051585e-36,136,104,1.3580946201289006e-35,***
ZNF318,-0.4436892989880312,-0.0794257661438961,-0.36426353284413515,407.0,7.061337861411941e-36,136,104,1.632497416474939e-35,***
CEBPB,10.488122700478215,3.2605180242042984,7.227604676273916,13733.0,7.760494887133376e-36,136,104,1.7852961144292052e-35,***
HSF1,6.721944620359845,8.098520996039044,-1.3765763756791989,413.0,8.135448742782461e-36,136,104,1.862379687685985e-35,***
KLF5,3.439060058384084,0.8417402990069112,2.5973197593771724,13726.0,9.153457362239472e-36,136,104,2.085202238129675e-35,***
CENPB,5.537942162030589,7.0060204139946105,-1.4680782519640214,423.0,1.0297951133601853e-35,136,104,2.334535523976731e-35,***
ZNF117,1.9389404324357522,2.8158600284078,-0.8769195959720477,444.0,1.6874535054719764e-35,136,104,3.806960323939193e-35,***
ZNF410,-0.46487830488548154,-4.366980178164718,3.902101873279237,13690.0,2.133684077377151e-35,136,104,4.7905310775727385e-35,***
STAT2,10.8652431974321,3.847619959216045,7.017623238216055,13674.0,3.103497330594585e-35,136,104,6.934608867883594e-35,***
ZBTB43,2.361197453454193,0.9373871121621598,1.4238103412920333,13661.0,4.2050969424425316e-35,136,104,9.307015507680863e-35,***
ETV7,11.010114245519489,2.786278519224949,8.22383572629454,13661.0,4.2050969424425316e-35,136,104,9.307015507680863e-35,***
ZBTB7B,5.457596233890786,11.805063029802426,-6.3474667959116395,485.0,4.406048984352128e-35,136,104,9.705777715530395e-35,***
ZNF865,4.308835546234148,5.14983672796967,-0.8410011817355221,501.0,6.397599092284313e-35,136,104,1.4026660920642132e-34,***
IRF5,1.4912888948775076,2.8265389949718305,-1.3352501000943229,502.0,6.548277708184754e-35,136,104,1.4289933129543364e-34,***
RXRA,6.149990636878654,11.020716027406753,-4.870725390528099,533.0,1.3451963572131075e-34,136,104,2.9218916224117267e-34,***
ZBTB47,5.586082771588367,10.422410193148988,-4.836327421560621,547.0,1.8599780158957879e-34,136,104,4.021341358441357e-34,***
ZNF428,3.5885780169130745,5.278737023460824,-1.6901590065477494,559.0,2.454086138144204e-34,136,104,5.2813743157296916e-34,***
TBX6,2.6243191359958224,4.665364118725229,-2.0410449827294066,569.0,3.090587428838251e-34,136,104,6.620662060859923e-34,***
PRR12,3.5645914566158323,6.0900252459104545,-2.525433789294622,588.0,4.785307916887781e-34,136,104,1.0204286745144263e-33,***
SP140,3.5269299668163105,1.2392820426343816,2.287647924181929,13554.0,5.01030524121252e-34,136,104,1.0635511580210213e-33,***
TFAP4,1.1985442920903773,4.051775996629554,-2.853231704539177,598.0,6.020334395205846e-34,136,104,1.2721702093036788e-33,***
BCL11A,0.2724747542738173,-1.0215375907747206,1.294012345048538,13540.0,6.908346967651302e-34,136,104,1.4532423576095308e-33,***
RBCK1,8.664899852362442,3.7748911240042964,4.890008728358145,13521.0,1.0671682765033789e-33,136,104,2.234832220300798e-33,***
ZFP3,-1.2486038791263898,-0.45776574425862837,-0.7908381348677614,630.0,1.2522015441506268e-33,136,104,2.6106166121354586e-33,***
USF2,1.3915146501135114,1.937015720633619,-0.5455010705201075,633.0,1.3409482622394285e-33,136,104,2.783212615403614e-33,***
KDM5B,1.4487516715413462,1.149047593412558,0.2997040781287883,13510.0,1.3718972317209655e-33,136,104,2.8348495894411102e-33,***
ZXDC,1.3941119201954704,1.6960716301992185,-0.3019597100037481,655.0,2.213458859820705e-33,136,104,4.5536796807765164e-33,***
ZBTB46,4.7482563783454355,6.915432132645307,-2.1671757542998717,681.0,3.9935362308759954e-33,136,104,8.179743069381972e-33,***
ZBTB44,-0.6888917475638987,1.012582362879015,-1.7014741104429136,702.0,6.42108666649281e-33,136,104,1.309453045088272e-32,***
KLF3,1.5286362416272068,2.226650348116099,-0.6980141064888921,708.0,7.352149887241793e-33,136,104,1.4928060858008337e-32,***
PBX4,-1.4029277219474587,-2.21278339625187,0.8098556743044112,13428.0,8.805156354840732e-33,136,104,1.780090050956979e-32,***
IRF1,10.079311109424324,2.463710371591621,7.615600737832704,13418.0,1.1028178862891653e-32,136,104,2.2198963486941388e-32,***
NFIC,8.18577749674638,10.405709339647409,-2.219931842901028,732.0,1.2620918104098543e-32,136,104,2.529600323868678e-32,***
ATF2,1.3230327017011336,1.0878690516022789,0.23516365009885476,13407.0,1.412120677177098e-32,136,104,2.818206650605576e-32,***
ZNF516,2.2148729638260565,4.882110820399163,-2.6672378565731063,758.0,2.2611891523433518e-32,136,104,4.4935120601887034e-32,***
KLF13,0.16291619438236893,2.844326738398034,-2.681410544015665,762.0,2.4729008305679337e-32,136,104,4.893409694386546e-32,***
ZNF691,1.8752856130503872,2.2992596597269657,-0.42397404667657845,801.0,5.900844279541923e-32,136,104,1.1627402019181765e-31,***
PREB,2.01556260109224,2.255171741694074,-0.23960914060183391,877.0,3.1646425909978367e-31,136,104,6.209613823512563e-31,***
NFIL3,-1.542197598895911,-2.562022883908832,1.0198252850129212,13217.0,9.449701124068752e-31,136,104,1.8464478765439782e-30,***
ZNF324B,0.30617152359785266,0.7470226934133192,-0.4408511698154665,947.0,1.4601346167848408e-30,136,104,2.8411786084938363e-30,***
BATF2,9.385973154581102,2.3762649168501806,7.009708237730921,13188.0,1.775143607541221e-30,136,104,3.439801098430498e-30,***
ZNF32,-0.6563364239864017,0.06834666825102229,-0.724683092237424,977.0,2.797156640131934e-30,136,104,5.3978188055438554e-30,***
ZNF785,4.029335403614489,4.833447499502259,-0.8041120958877697,1002.0,4.796707889355564e-30,136,104,9.180584362004297e-30,***
CEBPE,-1.3647830531917302,2.6378659810546377,-4.002649034246367,1002.0,4.796707889355564e-30,136,104,9.180584362004297e-30,***
ZNF33B,-3.0265742813421106,-2.043205722754611,-0.9833685585874994,1037.0,1.0168733537221775e-29,136,104,1.938285127299008e-29,***
NR1D1,1.5475424547733652,1.9685434489870173,-0.4210009942136521,1040.0,1.0843037557353525e-29,136,104,2.058414040359389e-29,***
NFX1,0.3510955984436085,1.6399471362224098,-1.2888515377788012,1082.0,2.655182143388054e-29,136,104,5.0201217043004913e-29,***
ZNF333,1.8313127153546778,2.293213981388284,-0.4619012660336064,1096.0,3.573940350295355e-29,136,104,6.729960256402946e-29,***
XBP1,0.5551824751089807,-0.5281394444738727,1.0833219195828534,13045.0,3.8085776914238447e-29,136,104,7.142995108011789e-29,***
ELK3,1.3323457381439354,0.8130741400573993,0.5192715980865361,13020.0,6.461913142000525e-29,136,104,1.2070853749256981e-28,***
JRK,4.1134603629014155,5.781020673796024,-1.6675603108946087,1139.0,8.864718320864871e-29,136,104,1.6493320541210737e-28,***
YBX3,1.2901628915398908,0.826553154983248,0.46360973655664284,12991.0,1.1898910625588464e-28,136,104,2.205075897678497e-28,***
TRAFD1,8.59548782462117,2.642385583280076,5.953102241341094,12982.0,1.4372572160358968e-28,136,104,2.652960948176932e-28,***
ZNF341,4.013169538468272,4.80228603337204,-0.7891164949037677,1176.0,1.9270291002330228e-28,136,104,3.529108195328712e-28,***
MXD4,3.6726607901498936,5.022979055872549,-1.3503182657226551,1176.0,1.9270291002330228e-28,136,104,3.529108195328712e-28,***
ZNF599,2.916442458323936,4.511813349976572,-1.5953708916526361,1184.0,2.2778670104854606e-28,136,104,4.155327710534024e-28,***
HMGA1,1.3448854720708452,1.5566405205933238,-0.21175504852247862,1206.0,3.6040269844481293e-28,136,104,6.548951757732593e-28,***
PA2G4,3.6245801964720377,5.25880601549622,-1.6342258190241825,1209.0,3.836214867857925e-28,136,104,6.9438462918203535e-28,***
ZNF831,0.7611378939285727,2.285350456339409,-1.5242125624108365,1233.0,6.314378310841192e-28,136,104,1.1385384830744543e-27,***
ZNF296,1.2296589523277097,1.3342777997097564,-0.10461884738204663,1243.0,7.766957800401215e-28,136,104,1.3950651126105259e-27,***
ZNF76,6.2082687216535195,8.292603198539254,-2.0843344768857346,1273.0,1.442454026505119e-27,136,104,2.5809426451260175e-27,***
ARNT,3.5985702208571455,5.135618083202379,-1.5370478623452337,1323.0,4.0193323776663934e-27,136,104,7.164229848741243e-27,***
GMEB2,4.447088725326655,4.919079705344804,-0.4719909800181492,1331.0,4.731626096393885e-27,136,104,8.401784741505492e-27,***
ZNF697,9.80357857543963,6.470395130723163,3.333183444716467,12807.0,5.3467404736299474e-27,136,104,9.458059852974187e-27,***
ZNF581,2.813610384210615,3.4875956101492696,-0.6739852259386545,1366.0,9.635329455307702e-27,136,104,1.6979995681617725e-26,***
ZKSCAN5,-0.9790180544512546,-1.2340782549136828,0.2550602004624283,12697.0,4.9150183522937033e-26,136,104,8.628998385417893e-26,***
TFCP2,1.272977327585401,1.356144953286945,-0.0831676257015439,1450.0,5.218476224542068e-26,136,104,9.127447179255227e-26,***
THYN1,-2.417444431176607,-1.2650605216709259,-1.1523839095056811,1453.0,5.540495825349313e-26,136,104,9.654520710590033e-26,***
ZNF446,3.6041196212521514,4.676193777081295,-1.0720741558291436,1470.0,7.774136731259652e-26,136,104,1.3496363767651515e-25,***
TCF3,2.473209689552249,3.164104772939851,-0.690895083387602,1476.0,8.759241176868047e-26,136,104,1.515024307258288e-25,***
ZNF133,0.9203305685582568,1.125362250787457,-0.2050316822292002,1524.0,2.2647312227975e-25,136,104,3.902691811979455e-25,***
ZNF497,1.073512025968538,1.6303999997889735,-0.5568879738204355,1529.0,2.4991356627298524e-25,136,104,4.290795420936916e-25,***
ZNF696,0.6000723300623138,0.765006140788836,-0.16493381072652225,1535.0,2.812338669208133e-25,136,104,4.810850397509883e-25,***
STAT1,7.908361075656805,2.9652317157732044,4.9431293598836,12572.0,5.808648932007363e-25,136,104,9.90014252280087e-25,***
ZSCAN20,2.712952559832576,2.0693203413901875,0.6436322184423884,12548.0,9.274598627153869e-25,136,104,1.5749954759566751e-24,***
FOXO3,2.2910296555211955,1.3125535650143845,0.9784760905068111,12546.0,9.642523993688605e-25,136,104,1.6315430090770211e-24,***
STAT6,3.71672962495441,3.9272159192166933,-0.21048629426228338,1612.0,1.265581921792653e-24,136,104,2.133670604610718e-24,***
NFYC,3.047327378767172,3.5492550799570735,-0.5019277011899015,1666.0,3.589512304833866e-24,136,104,6.02986419553027e-24,***
IKZF1,1.7045969669774514,1.2602152705384304,0.44438169643902103,12442.0,7.15173637764203e-24,136,104,1.1970827556841677e-23,***
FOSL1,3.583733049743101,1.4448073319309662,2.1389257178121346,12433.0,8.490803382641904e-24,136,104,1.4161447070334893e-23,***
ZNF438,8.12898878273857,6.363568251874463,1.765420530864107,12392.0,1.849077525595001e-23,136,104,3.073022079903436e-23,***
CARF,1.1573905936535476,2.2354006178094292,-1.0780100241558817,1773.0,2.748491650768928e-23,136,104,4.551580145067693e-23,***
ZBTB18,2.8260103449199985,3.736642957221538,-0.9106326123015394,1791.0,3.855767854542788e-23,136,104,6.362698191065306e-23,***
MZF1,6.3468840582757995,7.096551794153205,-0.7496677358774058,1793.0,4.0032780533067113e-23,136,104,6.582855108782515e-23,***
THAP8,1.6954448179033794,3.734078000575307,-2.0386331826719277,1801.0,4.651303713228815e-23,136,104,7.62160994413283e-23,***
POGK,1.7360928414544805,1.834362642470954,-0.09826980101647353,1823.0,7.018788116438063e-23,136,104,1.1460748427890124e-22,***
ZNF234,0.8678293677606026,1.1429231005307208,-0.27509373277011817,1853.0,1.2267212463351957e-22,136,104,1.9960934565802662e-22,***
VDR,9.679793530847666,7.674885247640593,2.0049082832070733,12270.0,1.8099802409504433e-22,136,104,2.934933237930059e-22,***
CCDC17,1.0782490519622216,1.2553789652579042,-0.1771299132956825,1875.0,1.8437471845175793e-22,136,104,2.979342336227369e-22,***
DNTTIP1,3.433772206761283,4.425180635567065,-0.9914084288057818,1886.0,2.258938273641569e-22,136,104,3.6376695647952163e-22,***
IRF3,5.748608234749664,6.835704878034762,-1.087096643285098,1894.0,2.6178029657489275e-22,136,104,4.2010789862706154e-22,***
TCF7L2,4.392878651294833,2.8809512949082476,1.5119273563865852,12248.0,2.7160012582270146e-22,136,104,4.343741738328822e-22,***
ANKZF1,1.3566696657319293,3.295428128947763,-1.9387584632158337,1947.0,6.913631314623031e-22,136,104,1.098185654397604e-21,***
SMAD3,-1.967639308443316,-1.2784081262708087,-0.6892311821725072,1947.0,6.913631314623031e-22,136,104,1.098185654397604e-21,***
ZBTB11,1.958484693702753,3.4535347043222395,-1.4950500106194866,1982.0,1.3058776629609625e-21,136,104,2.067270741026337e-21,***
ZNF576,1.478424684661091,1.7147576144483603,-0.23633292978726939,1991.0,1.5368262935273673e-21,136,104,2.4246549968827043e-21,***
ZNF768,1.3264600303604461,1.8634806512843043,-0.5370206209238582,2011.0,2.204685451428286e-21,136,104,3.46662661891249e-21,***
HMBOX1,3.6913298043523275,4.0055334405353165,-0.31420363618298897,2047.0,4.206500410281513e-21,136,104,6.592066079199552e-21,***
E2F6,1.053471889624557,1.3530549922165453,-0.2995831025919884,2060.0,5.305882238225176e-21,136,104,8.287113729936981e-21,***
ZBTB4,-0.15938242818064188,0.7042053167404154,-0.8635877449210573,2076.0,7.055265157321542e-21,136,104,1.09826960948972e-20,***
SNAPC4,3.9336437251103424,4.269545815612462,-0.3359020905021195,2102.0,1.1188981433590171e-20,136,104,1.7359648935171462e-20,***
CXXC1,5.566781717654194,6.161449907926135,-0.5946681902719417,2108.0,1.2441225900773638e-20,136,104,1.92385844227195e-20,***
PRDM2,-0.08424643348929561,-0.3934332488577824,0.3091868153684868,11992.0,2.6981466353281374e-20,136,104,4.1585296326674595e-20,***
CTCF,1.7315581989822246,1.8562719452783387,-0.12471374629611409,2163.0,3.270835559867852e-20,136,104,5.0246059422969964e-20,***
ZNF671,-0.3346547468244805,-0.1535187465807325,-0.18113600024374799,2223.0,9.276860379184559e-20,136,104,1.4204241957636685e-19,***
ZNF500,3.0171918285109625,3.277004148596758,-0.25981232008579536,2231.0,1.0650143653702532e-19,136,104,1.6253650608755173e-19,***
RARA,3.4384633068872796,3.8881542842849823,-0.4496909773977027,2239.0,1.2223995179880616e-19,136,104,1.8594807000013838e-19,***
PAX5,1.1116219486511678,-0.04405630394766763,1.1556782525988354,11904.0,1.243622529299349e-19,136,104,1.8856224713727143e-19,***
REXO4,2.6638698016176283,3.4006302973768756,-0.7367604957592473,2250.0,1.4769288000980105e-19,136,104,2.232122167138417e-19,***
ZNF683,-0.42548069273105815,0.7787066355123518,-1.20418732824341,2309.0,4.044287242858685e-19,136,104,6.092523040048406e-19,***
ZBTB25,2.0804748490124494,2.890253050032582,-0.8097782010201326,2313.0,4.328240768994346e-19,136,104,6.499319739936847e-19,***
ZNF362,0.7102642417922649,1.1214805568799253,-0.41121631508766043,2347.0,7.688212714998924e-19,136,104,1.1507677365078516e-18,***
ZNF710,5.6194348628930895,6.990350158158595,-1.3709152952655055,2399.0,1.8367794041816655e-18,136,104,2.7404983442582677e-18,***
ZNF248,1.6550162560284045,2.1407564414519893,-0.48574018542358477,2460.0,5.0413430908744576e-18,136,104,7.497793705217745e-18,***
NFATC2,2.3732324531239204,2.017806268325342,0.35542618479857824,11676.0,5.7495818431911446e-18,136,104,8.523983240540522e-18,***
GATA2,0.36501194595441466,-0.15172142113959408,0.5167333670940087,11660.0,7.47354026036459e-18,136,104,1.1044757283513492e-17,***
ZKSCAN8,0.5207394292098824,1.1988679512698588,-0.6781285220599764,2505.0,1.0529812108830118e-17,136,104,1.5512373043607775e-17,***
SPI1,8.5019514374834,10.072119423780315,-1.570167986296914,2506.0,1.070272133098041e-17,136,104,1.5717518432603306e-17,***
ZEB2,6.936501217255195,5.519883037127851,1.4166181801273439,11633.0,1.1610196062631084e-17,136,104,1.6996744706108828e-17,***
ZNF688,1.1667541585981758,1.2881979817713087,-0.12144382317313296,2551.0,2.2194416472820563e-17,136,104,3.238997654002251e-17,***
THAP7,5.171254885083587,5.576697852674091,-0.4054429675905036,2592.0,4.287231569986832e-17,136,104,6.23718736194346e-17,***
CREBZF,1.9658343623998542,2.4724861905113436,-0.5066518281114893,2666.0,1.386218090623571e-16,136,104,2.0104467339167941e-16,***
ZNF668,2.8994608969242317,3.127516974174855,-0.22805607725062327,2711.0,2.803612953770529e-16,136,104,4.0535208960087833e-16,***
TSHZ2,1.484751002427893,1.2727547460546598,0.21199625637323316,11431.0,2.8922920057868693e-16,136,104,4.1688282922915674e-16,***
ARID3A,5.501887445852851,4.691793166732811,0.8100942791200394,11359.0,8.792099991861383e-16,136,104,1.2633571372920817e-15,***
KAT7,1.348647829505748,1.5674726752882044,-0.21882484578245642,2834.0,1.8545173047502085e-15,136,104,2.6566244825716173e-15,***
ZNF654,1.308146730047494,1.166339638171424,0.1418070918760701,11292.0,2.4344085753510225e-15,136,104,3.476663011281124e-15,***
ZNF395,1.2848285667750436,3.205537093437931,-1.9207085266628872,2865.0,2.9609394990148993e-15,136,104,4.215727884268165e-15,***
AKNA,3.0552277635135123,4.076047006133075,-1.020819242619563,2875.0,3.440873045677759e-15,136,104,4.8841571803389465e-15,***
MXI1,0.6948932959432033,1.8466009927100298,-1.1517076967668265,2885.0,3.997211524708247e-15,136,104,5.656659945571974e-15,***
GMEB1,2.0286508432715755,1.4990490446215445,0.529601798650031,11247.0,4.782604696370493e-15,136,104,6.7476628193505134e-15,***
SOX13,-0.13696439390541415,0.7223930789875854,-0.8593574728929996,2967.0,1.3483481677396741e-14,136,104,1.89662227209165e-14,***
SLC2A4RG,1.201727485380732,1.476474792284732,-0.27474730690400007,2974.0,1.4942045007590715e-14,136,104,2.095475981545004e-14,***
ZNF821,1.3307422933229667,1.7792234143954446,-0.44848112107247795,2983.0,1.7047267968885064e-14,136,104,2.3835551321764447e-14,***
ZNF623,1.4636447828087695,1.666412784819437,-0.20276800201066747,2985.0,1.755332060438494e-14,136,104,2.4469852902232142e-14,***
RFX7,0.19004957998159822,1.024694082258762,-0.8346445022771638,2989.0,1.8610164711650896e-14,136,104,2.586591345339574e-14,***
ZNF548,3.4879013803355825,3.7821437161421074,-0.2942423358065249,3003.0,2.2825948378202933e-14,136,104,3.163121036385985e-14,***
TMF1,1.069522105846249,0.9688752741127105,0.1006468317335385,11117.0,3.2341714314075596e-14,136,104,4.4685149658796756e-14,***
TET1,2.204570348240032,2.534187420994191,-0.32961707275415897,3038.0,3.791707878611413e-14,136,104,5.2233851897095275e-14,***
ZNF224,2.9208235621691228,3.136390835785485,-0.21556727361636208,3103.0,9.622117063927206e-14,136,104,1.3216260790747076e-13,***
ZNF345,2.0795476101647146,2.3900360082176926,-0.310488398052978,3106.0,1.0041150554164228e-13,136,104,1.3751370407022566e-13,***
ZNF606,2.587826357633074,2.8177137027958774,-0.2298873451628034,3107.0,1.0184774517970858e-13,136,104,1.3907279824246757e-13,***
MAFF,3.237125766657734,2.109994448071798,1.1271313185859362,11009.0,1.5137118143579476e-13,136,104,2.060942907595223e-13,***
RORC,-1.914591025828511,-0.8322356244984033,-1.0823554013301078,3136.0,1.5352090880822157e-13,136,104,2.0841355934139382e-13,***
GATA3,1.4896887533340064,1.6380095222869675,-0.1483207689529611,3165.0,2.307380257770203e-13,136,104,3.1233234213874924e-13,***
ZNF761,2.0024512505560286,2.166966792675873,-0.16451554211984432,3213.0,4.500148888120442e-13,136,104,6.073900377896666e-13,***
ZNF721,-1.2468490845360847,-0.5522157204895377,-0.694633364046547,3224.0,5.23868460786591e-13,136,104,7.03007388469362e-13,***
ZNF25,1.9210690685236163,2.2510267272319298,-0.3299576587083135,3224.0,5.23868460786591e-13,136,104,7.03007388469362e-13,***
ELK4,0.6979000239056035,0.4725044548458137,0.22539556905978975,10911.0,5.930389810866407e-13,136,104,7.935507282735278e-13,***
MTERF3,-0.023649089970771343,0.08982380690916036,-0.1134728968799317,3314.0,1.7879572084637421e-12,136,104,2.385645761007336e-12,***
E4F1,3.5047036273862884,3.6720176723758726,-0.16731404498958424,3322.0,1.9913987387743996e-12,136,104,2.649524817685597e-12,***
USF3,0.10431953356221789,0.061113138500754415,0.043206395061463475,10777.0,3.6360048042689432e-12,136,104,4.823904101118171e-12,***
CREBL2,2.6783343522009906,3.1577814393418127,-0.47944708714082207,3374.0,3.990467965710561e-12,136,104,5.279174334240317e-12,***
ZNF354B,2.121481497058183,2.3499718513996353,-0.22849035434145248,3417.0,7.0400958965348155e-12,136,104,9.28735814599367e-12,***
NFE2L1,0.16431881601009637,-0.37103702175856257,0.5353558377686589,10723.0,7.419470132295638e-12,136,104,9.760260709245248e-12,***
ZGPAT,1.0944693649557031,1.0220352475407797,0.07243411741492345,10680.0,1.2998593691721444e-11,136,104,1.7051525994477287e-11,***
SPIB,1.4480941025108498,0.8689857967915251,0.5791083057193247,10667.0,1.5380624541116064e-11,136,104,2.011975255098376e-11,***
AHR,1.5473018651412516,1.4167047831375146,0.130597082003737,10576.0,4.913891402716095e-11,136,104,6.410020349353118e-11,***
TIGD1,1.915467547364178,2.0367301054687483,-0.12126255810457032,3569.0,4.9762256427354916e-11,136,104,6.473251741385723e-11,***
ATF6,3.2578854718118535,2.9741349065877403,0.28375056522411324,10572.0,5.167906060429733e-11,136,104,6.703922583946348e-11,***
THAP12,2.517137174006807,2.8238682870670138,-0.3067311130602066,3597.0,7.072588288530098e-11,136,104,9.149303963278549e-11,***
HBP1,1.1038020010092806,1.0349319260662058,0.06887007494307484,10486.0,1.5070767185000162e-10,136,104,1.9442122307721204e-10,***
VENTX,1.7363027156014694,1.952834108128049,-0.2165313925265795,3665.0,1.6424133216326936e-10,136,104,2.112967000557763e-10,***
ZBTB16,-0.3219168021414074,0.09548769636313637,-0.41740449850454375,3685.0,2.0978988124862163e-10,136,104,2.6915350149205027e-10,***
ZBED6,1.1590807565577457,1.08754356591422,0.0715371906435256,10419.0,3.4087407443444265e-10,136,104,4.36132034961328e-10,***
NR1H2,1.2683832326802322,1.2228829979930624,0.045500234687169794,10407.0,3.938857829026207e-10,136,104,5.025810399331253e-10,***
ZNF251,1.8738050122403904,2.171224651010162,-0.2974196387697714,3773.0,6.059097241142863e-10,136,104,7.71007741584119e-10,***
POU6F1,1.236264075699752,1.2866780955275017,-0.05041401982774962,3792.0,7.59174259198694e-10,136,104,9.634086387113862e-10,***
E2F5,1.0800128293387443,0.8021710436021274,0.2778417857366169,10337.0,9.063094588505387e-10,136,104,1.1470095319327955e-09,***
ZNF146,0.7501104871611676,1.0296068627985413,-0.27949637563737373,3809.0,9.279169899234325e-10,136,104,1.1711817143087648e-09,***
MGA,1.149236194353087,1.1084566777800053,0.040779516573081764,10315.0,1.1735638620824417e-09,136,104,1.4772353735646908e-09,***
ZNF383,1.017981735208401,1.1618200154249965,-0.1438382802165954,3921.0,3.3962974097883714e-09,136,104,4.26363142572895e-09,***
ZNF837,2.000690823237636,2.068462918368056,-0.06777209513042015,3986.0,7.070575323311248e-09,136,104,8.852436128649739e-09,***
ZNF529,1.813867708648286,2.2657733845059354,-0.4519056758576494,3987.0,7.149979361985021e-09,136,104,8.927915406542794e-09,***
ATF5,2.542516342306973,2.3225158434961943,0.22000049881077866,10079.0,1.690515057442236e-08,136,104,2.1052547515347314e-08,***
SNAPC5,1.0794896568256815,1.2734876324413262,-0.1939979756156447,4172.0,5.320498172666415e-08,136,104,6.608171932540468e-08,***
LTF,-5.354352612615156,-2.683604524103025,-2.6707480885121315,4193.0,6.632542721437649e-08,136,104,8.215908357855125e-08,***
ETV6,1.9323961034199408,2.0229465478605637,-0.09055044444062288,4208.0,7.75632634654372e-08,136,104,9.582551332899251e-08,***
GLI4,2.7341578359145515,2.826437470288056,-0.0922796343735044,4269.0,1.4542919368360555e-07,136,104,1.7919639432782003e-07,***
NACC2,1.177266769261075,1.285850544380124,-0.10858377511904904,4277.0,1.5777742605928207e-07,136,104,1.939001525518019e-07,***
TET2,4.0705159959149695,4.34307521612891,-0.27255922021394063,4312.0,2.24788908102188e-07,136,104,2.7552866163706507e-07,***
ZNF280B,-1.9450973857571356,-2.0145924845848366,0.069495098827701,9775.0,3.9650682840538804e-07,136,104,4.847347876055398e-07,***
TP53,1.1790482406760012,1.4481552488109495,-0.26910700813494826,4502.0,1.4278099724511919e-06,136,104,1.740958895913072e-06,***
ZBTB45,1.0847162469525817,1.038981649733636,0.045734597218945794,9576.0,2.6368904492671505e-06,136,104,3.2068433328327067e-06,***
SGSM2,-0.07021888268235377,0.0018747834789066377,-0.07209366616126041,4575.0,2.811721307103234e-06,136,104,3.4105814296550913e-06,***
ZBTB1,0.5198755462990897,0.5989979116376698,-0.07912236533858008,4584.0,3.0528969914739774e-06,136,104,3.6935308161097084e-06,***
GABPA,2.208539699669462,2.2928908764096647,-0.08435117674020276,4623.0,4.347170153735421e-06,136,104,5.2458099787970066e-06,***
FOXO1,1.9711505036362649,1.8390902345481384,0.13206026908812651,9481.0,6.213151790093447e-06,136,104,7.478200737045463e-06,***
ZZZ3,1.6382859750372174,1.7395243545939896,-0.10123837955677217,4713.0,9.635772729132356e-06,136,104,1.1567881399755297e-05,***
TBX21,0.7045969424022059,1.0270470568790984,-0.3224501144768924,4748.0,1.3034815868702873e-05,136,104,1.5608356437651903e-05,***
MAFB,2.6112367648620323,2.4473399738229387,0.1638967910390936,9360.0,1.7709170300472193e-05,136,104,2.115136197012919e-05,***
CAMTA1,2.4642217454851094,2.5422447541618287,-0.0780230086767193,4804.0,2.09564858631959e-05,136,104,2.4966017597225727e-05,***
ZNF367,-0.022423389061541926,0.05696061552591846,-0.0793840045874604,4839.0,2.804593822631203e-05,136,104,3.332685280327664e-05,***
ZNF860,-0.46498121314983243,-0.17864168327030827,-0.28633952987952416,4879.0,3.893200253488274e-05,136,104,4.614529234464527e-05,***
PPARD,2.3663048493937855,2.7480131200488396,-0.3817082706550541,4885.0,4.0876210642742154e-05,136,104,4.832706422825465e-05,***
KLF12,1.8200507800829877,2.241386465432172,-0.4213356853491841,4943.0,6.506481585979754e-05,136,104,7.673047728920568e-05,***
ZNF700,2.6711071800050687,2.983261943765596,-0.3121547637605273,4962.0,7.558077152485096e-05,136,104,8.890735592469874e-05,***
ZNF770,1.0925490338240138,1.2091160277558415,-0.11656699393182768,4992.0,9.551584534293626e-05,136,104,0.00011207512506319405,***
TFEC,2.064337691601277,2.2670125274501767,-0.2026748358488999,5000.0,0.00010161660129390112,136,104,0.00011893471880764867,***
RLF,1.3329548399177806,1.2632458238872664,0.06970901603051427,9122.0,0.00012034560389828468,136,104,0.00014050349255124737,***
TSHZ3,5.033074674294886,4.77854673239192,0.2545279419029658,9047.0,0.00021164056209117314,136,104,0.0002464741708144086,***
ZNF845,2.359372722504896,2.4992391466068913,-0.13986642410199535,5112.0,0.00023640350456110147,136,104,0.00027462795181600595,***
MTERF4,1.5140092848766062,1.5445258941375402,-0.030516609260933913,5151.0,0.0003141035317857738,136,104,0.0003639859785209836,***
ZNF184,0.9763998089605646,1.077165071899151,-0.10076526293858645,5153.0,0.0003186711143391279,136,104,0.0003683648772187444,***
ZNF829,-0.2544895062727124,-0.335662391303117,0.0811728850304046,8980.0,0.0003449242339649694,136,104,0.00039772745002874247,***
ASH1L,1.6711217883697884,1.6570528480901152,0.014068940279673203,8963.0,0.00038950604917627435,136,104,0.0004480278940032515,***
ETS1,-0.8930298767048792,-1.1395880016020659,0.24655812489718665,8901.0,0.0006018822639486762,136,104,0.000690611836029562,***
RFX5,1.2772712879244352,0.8764804805633093,0.40079080736112593,8853.0,0.0008356635893879745,136,104,0.000956507098637706,***
ZSCAN12,-3.7713954348401213,-3.8793095243012425,0.10791408946112124,8825.0,0.0010084162786039815,136,104,0.001151419076058825,**
ZNF566,0.8737428157112862,0.9225201882920204,-0.048777372580734224,5339.0,0.0011514451143693652,136,104,0.0013115240692938867,**
GFI1,2.41651660696131,2.740693854629031,-0.3241772476677207,5350.0,0.0012378866398014398,136,104,0.0014065524593364293,**
ZNF8,1.00006773268928,1.1015023972859788,-0.10143466459669881,5351.0,0.0012460350325906992,136,104,0.001412374660727807,**
ZNF800,2.786676546458742,2.906956508858462,-0.12027996239971994,5389.0,0.0015949487561287726,136,104,0.0018034892714579582,**
CREB3,2.1200132600305386,2.0930049134104767,0.027008346620061907,8750.0,0.0016470263095022305,136,104,0.0018578775037138685,**
LEF1,3.3277407557841716,3.637786541560257,-0.3100457857760852,5411.0,0.0018360162794448397,136,104,0.0020660713313270843,**
NR1D2,1.8538716676886116,1.9280120969131014,-0.07414042922448982,5438.0,0.002177489144660255,136,104,0.0024444409388373538,**
RFX1,1.588887290382748,1.6324799184145475,-0.04359262803179953,5487.0,0.002949484412667917,136,104,0.0033031396180237824,**
BCL11B,1.4610064156193945,1.6151583591916177,-0.15415194357222317,5519.0,0.0035807378608343266,136,104,0.0040004894282527044,**
PATZ1,1.2630162213379554,1.2226516170112784,0.04036460432667699,8607.0,0.003987605393114317,136,104,0.0044444193760963865,**
SATB1,1.8903745129642844,1.8075635496408329,0.0828109633234515,8598.0,0.004206394904734708,136,104,0.0046771105250264485,**
RBAK,2.25501196033587,2.3294017311408974,-0.0743897708050274,5593.0,0.005535988335979343,136,104,0.006140870671977086,**
TCF7,3.7405992133609787,4.045007992725974,-0.30440877936499566,5619.0,0.006424576795523284,136,104,0.007109661998837378,**
ZNF574,0.7480197723676154,0.7772767119046551,-0.029256939537039672,5631.0,0.006876411639894372,136,104,0.0075916885007817295,**
ZNF160,1.1004132558575181,1.8250071467509645,-0.7245938908934464,5708.0,0.010518593062244095,136,104,0.01158533716997168,*
ZNF92,0.881819893152444,0.8665309116181539,0.015288981534290147,8382.0,0.014011079700374388,136,104,0.015395704047234915,*
ZNF138,-0.5814687181031849,-0.4942001802916052,-0.08726853781157973,5765.0,0.014232133844992431,136,104,0.015601893205660716,*
ZNF202,1.661310776445175,1.8380595912791462,-0.1767488148339711,5776.0,0.015069212933852435,136,104,0.01648084880587608,*
NR3C2,1.2314674087567883,1.267851482509553,-0.036384073752764756,5781.0,0.015463831156385235,136,104,0.016872918574840898,*
SCML4,0.865205121698454,0.8988803877234499,-0.03367526602499593,5818.0,0.01867739740287207,136,104,0.020331805564431833,*
BPTF,3.3739530095286656,3.5376303571311842,-0.16367734760251862,5879.0,0.025256598411841587,136,104,0.027429840600767492,*
ZNF804A,2.2888787254758363,2.2152788277163644,0.07359989775947184,8191.0,0.03585119676010632,136,104,0.03884572827603167,*
ZEB1,1.1583041078180638,1.1240329434209109,0.03427116439715294,8186.0,0.0366870475604819,136,104,0.03965937780265057,*
ZNF451,1.5459443197540867,1.6104897187738243,-0.06454539901973755,5980.0,0.040564728525009454,136,104,0.04374994970249287,*
CDC5L,1.659828430128453,1.652679564953054,0.007148865175399033,8140.0,0.04518574806584238,136,104,0.04862153075287647,*
ZNF549,-0.24570978044712188,-0.18471181494275252,-0.06099796550436937,6010.0,0.046407985001024984,136,104,0.04982190573673257,*
ZBTB41,1.5574882853007264,1.5514952191179001,0.0059930661828262455,8108.0,0.05203060301655933,136,104,0.055730026625534876,ns
ADNP,1.7959985322100105,1.7818668454139743,0.014131686796036158,8072.0,0.06074670030956048,136,104,0.06491695433538844,ns
RFX2,6.284937040246273,6.054013075809147,0.23092396443712637,8050.0,0.06664558665884747,136,104,0.07105819399470724,ns
ZNF354C,0.23015025183945542,0.30124105414010394,-0.07109080230064851,6108.0,0.07063937403437401,136,104,0.07514484663793317,ns
MYSM1,3.9654030980404444,4.093981111224089,-0.12857801318364448,6113.0,0.07211246163553196,136,104,0.07653754450862142,ns
ZNF518A,1.0905933496692666,1.1309336263213523,-0.04034027665208573,6134.0,0.07857653523895261,136,104,0.08320916543444641,ns
ZNF506,2.095134635835281,2.1916616652263103,-0.0965270293910292,6303.0,0.14932617609524795,136,104,0.1577722267793683,ns
EOMES,1.0497056781631526,1.0976190600976403,-0.04791338193448769,6342.0,0.1710802517185367,136,104,0.1803487077935816,ns
CUX1,4.5576026554819435,4.412619702244985,0.14498295323695842,7793.0,0.1764218535079225,136,104,0.18556082339684643,ns
ATF3,1.6187128764709104,1.8184809527567392,-0.1997680762858287,6366.0,0.1855992279549855,136,104,0.1947749201235466,ns
ZNF507,-1.08094411610745,-1.1563006258590356,0.07535650975158559,7720.0,0.2244093358876863,136,104,0.23497569475235314,ns
ZBTB37,1.489604091108752,1.4867600537441443,0.002844037364607699,7659.0,0.271143077877096,136,104,0.28327475921387885,ns
MYPOP,-0.708965557213649,-0.6929232171396397,-0.016042340074009287,6493.0,0.2777339947908657,136,104,0.28951289189137114,ns
NME2,0.1267731361127975,0.13215848828036528,-0.005385352167567775,6499.0,0.2827482135749372,136,104,0.2940833312683645,ns
DOT1L,2.294428592299273,2.3790542057645716,-0.08462561346529851,6508.0,0.29038395002743644,136,104,0.30135401036180626,ns
KMT2A,0.4414954158169727,0.4349893481819003,0.006506067635072388,7577.0,0.34385303441792947,136,104,0.35605181169217975,ns
PHF21A,-0.006103378041251285,-0.07220096731862094,0.06609758927736965,7543.0,0.3773517209021988,136,104,0.3898744550029355,ns
VEZF1,2.4850014250647865,2.484701579684408,0.0002998453803786383,7494.0,0.4290321259685004,136,104,0.44131718684425036,ns
ZNF44,0.7777895574277145,0.7684240284152029,0.009365529012511642,7494.0,0.4290321259685004,136,104,0.44131718684425036,ns
ZNF639,1.138972334057951,1.1829879330007163,-0.0440155989427653,6669.0,0.4501291124807155,136,104,0.46200064951317393,ns
ZNF366,-0.050164379938503416,-0.06733518696781138,0.017170807029307962,7452.0,0.4764365888884581,136,104,0.4879295767783112,ns
MYBL1,1.4069690649946485,1.3799978973727658,0.026971167621882675,7449.0,0.47992903764824524,136,104,0.49043076713726597,ns
ZNF493,0.004182940827689389,0.058960950032827836,-0.05477800920513845,6705.0,0.4916707106962608,136,104,0.501332362216493,ns
ZNF91,-0.29902567799964774,-0.31617045278555844,0.0171447747859107,7406.0,0.5314874787241528,136,104,0.5407508770461424,ns
POU2AF1,0.9620218031038258,1.0174017419466712,-0.05537993884284542,7260.0,0.7249873989828483,136,104,0.7360198159238917,ns
ZNF787,1.7363397945459762,1.7041609451125512,0.03217884943342497,6889.0,0.7320350032729976,136,104,0.7415625738145117,ns
RORA,2.3372285418711973,2.3502691224115564,-0.013040580540359059,6896.0,0.7419396211786722,136,104,0.7499692707585279,ns
E2F4,1.5185176710488504,1.5015508782577014,0.016966792791148988,6933.0,0.7949688510988603,136,104,0.8018368325338396,ns
ZNF302,1.1346192969620683,1.1324949547073984,0.002124342254669953,7191.0,0.8240505201299921,136,104,0.8293784329756603,ns
ZNF14,1.3531621805487337,1.3557128403805807,-0.002550659831846991,7181.0,0.8386851649189062,136,104,0.8422924129400629,ns
ZNF292,1.9984438772795197,2.1168982111917076,-0.11845433391218796,7178.0,0.8430867045091626,136,104,0.8448959034458775,ns
BACH2,2.2386766548007873,2.241261028674244,-0.00258437387345678,7030.0,0.9379351859879933,136,104,0.9379351859879933,ns
