TF,median_LPS,median_NS,effect,U,p,FDR,sig
ZNF808,-5.8012479557608625,5.494319541461101,-11.295567497221963,23.0,6.301371728744853e-40,7.978814742964183e-39,***
ZNF786,-4.169337252294488,2.4228511631999536,-6.592188415494442,35.0,8.499108441503394e-40,7.978814742964183e-39,***
CEBPG,-1.2399789538524741,4.455615404845138,-5.695594358697612,4.0,3.919690133599643e-40,7.978814742964183e-39,***
CREB3L2,1.374261541004234,2.6966107742675716,-1.3223492332633375,0.0,3.5462942686633207e-40,7.978814742964183e-39,***
CREB5,-3.239804916931054,1.5318815464765052,-4.771686463407559,1.0,3.6361876906354198e-40,7.978814742964183e-39,***
CREM,6.164679967823284,-4.692259334385163,10.856939302208447,14120.0,6.460582128063515e-40,7.978814742964183e-39,***
ZNF317,-3.377705821202818,6.838909046987345,-10.216614868190163,6.0,4.120795813519953e-40,7.978814742964183e-39,***
FOXN3,-8.08940378767877,10.96196473132223,-19.051368519001,15.0,5.160454486046227e-40,7.978814742964183e-39,***
HES4,8.921801511905816,-5.122349987471431,14.044151499377246,14140.0,3.919690133599643e-40,7.978814742964183e-39,***
HEY1,9.338947499396298,-9.389231844860994,18.728179344257292,14112.0,7.88695437633916e-40,7.978814742964183e-39,***
SNAI3,0.716146829477905,5.162996488449991,-4.446849658972086,11.0,4.669580719969133e-40,7.978814742964183e-39,***
SNAPC2,1.8298187804923653,9.811858856245934,-7.982040075753568,10.0,4.554299316396011e-40,7.978814742964183e-39,***
HIVEP1,7.359405601943824,-9.568771260211538,16.92817686215536,14130.0,5.033125000754601e-40,7.978814742964183e-39,***
SNAI1,8.245598600365751,-9.565555216001847,17.8111538163676,14108.0,8.71348076854761e-40,7.978814742964183e-39,***
HIF1A,6.028060636241424,-9.882522408768892,15.910583045010316,14109.0,8.499108441503394e-40,7.978814742964183e-39,***
HIC2,2.030951950577565,4.772817267572998,-2.7418653169954332,12.0,4.787763439879018e-40,7.978814742964183e-39,***
STAT3,7.952041009110268,-8.842232117883025,16.794273126993293,14133.0,4.669580719969133e-40,7.978814742964183e-39,***
TET3,0.8105416620810054,6.578845490904039,-5.768303828823033,7.0,4.2251632617510754e-40,7.978814742964183e-39,***
THRA,-5.664385007147768,8.911987301617934,-14.576372308765702,27.0,6.9626118305762994e-40,7.978814742964183e-39,***
NFXL1,-7.962708776817123,8.401005111370191,-16.363713888187313,28.0,7.138429151238226e-40,7.978814742964183e-39,***
MAZ,-4.960284347125654,11.468554751114796,-16.428839098240452,22.0,6.1460632903548506e-40,7.978814742964183e-39,***
IRF7,10.250388203003997,-3.18373315281711,13.434121355821107,14112.0,7.88695437633916e-40,7.978814742964183e-39,***
IRF2,6.965616890278959,-3.9326013008974963,10.898218191176454,14120.0,6.460582128063515e-40,7.978814742964183e-39,***
HMG20B,1.650798972777788,9.102091884099384,-7.4512929113215955,2.0,3.7283467274775086e-40,7.978814742964183e-39,***
MITF,-1.1375566772503793,8.593447808195172,-9.731004485445553,1.0,3.6361876906354198e-40,7.978814742964183e-39,***
ZGLP1,-4.145553876026497,8.137867618021676,-12.283421494048174,1.0,3.6361876906354198e-40,7.978814742964183e-39,***
ZHX2,4.882304950375033,-5.245794681359061,10.128099631734095,14138.0,4.120795813519953e-40,7.978814742964183e-39,***
RELA,10.636171979993984,-6.903115465035411,17.539287445029395,14131.0,4.908920067770123e-40,7.978814742964183e-39,***
PPARG,-1.9206150769373371,6.320016410451611,-8.24063148738895,11.0,4.669580719969133e-40,7.978814742964183e-39,***
RARG,-3.6607924106914584,7.244655174060571,-10.905447584752029,10.0,4.554299316396011e-40,7.978814742964183e-39,***
PLSCR1,6.895607281412162,-8.98452517619181,15.88013245760397,14121.0,6.301371728744853e-40,7.978814742964183e-39,***
NKX3-1,8.297300441512743,-10.892448055822928,19.18974849733567,14126.0,5.561981447646399e-40,7.978814742964183e-39,***
SMAD1,-2.663591627630927,3.6988575291667467,-6.362449156797673,25.0,6.623791946404265e-40,7.978814742964183e-39,***
EBF1,3.015057479421204,-7.358091318470846,10.37314879789205,14121.0,6.301371728744853e-40,7.978814742964183e-39,***
EHF,6.872263043738907,-8.46937158740321,15.341634631142117,14125.0,5.702610240667078e-40,7.978814742964183e-39,***
ETV3L,7.840483353863274,-7.5959035969025654,15.43638695076584,14124.0,5.8467742140327956e-40,7.978814742964183e-39,***
ETV3,6.067363246606282,-8.063495739373636,14.130858985979918,14108.0,8.71348076854761e-40,7.978814742964183e-39,***
ZBTB2,1.4684070211655493,-9.10257838837288,10.57098540953843,14108.0,8.71348076854761e-40,7.978814742964183e-39,***
ZBED4,-1.3679963363208403,4.97963581236789,-6.347632148688731,0.0,3.5462942686633207e-40,7.978814742964183e-39,***
ZBED3,-8.474247364736152,3.6127068368178357,-12.086954201553988,25.0,6.623791946404265e-40,7.978814742964183e-39,***
ARNT2,8.108646826833345,-8.04524614194953,16.153892968782877,14125.0,5.702610240667078e-40,7.978814742964183e-39,***
BATF,9.290888357501782,-9.737591469961128,19.02847982746291,14133.0,4.669580719969133e-40,7.978814742964183e-39,***
ZNF780A,-2.563816833969351,1.9086333584033617,-4.472450192372713,31.0,7.69280883509074e-40,7.978814742964183e-39,***
ZNF706,-3.4508252749001542,3.315883232523203,-6.766708507423357,0.0,3.5462942686633207e-40,7.978814742964183e-39,***
ARID5A,8.804472279809804,-7.184217088291702,15.988689368101507,14133.0,4.669580719969133e-40,7.978814742964183e-39,***
ZNF616,-1.788543062145328,0.07088325113736005,-1.859426313282688,34.0,8.289981160809488e-40,7.978814742964183e-39,***
ZNF592,2.847443222216717,8.837843780689195,-5.990400558472477,30.0,7.503416118524468e-40,7.978814742964183e-39,***
ZNF577,-5.36325898352791,2.8495205961177055,-8.212779579645616,32.0,7.88695437633916e-40,7.978814742964183e-39,***
YBX1,3.004806280273389,8.855666955091678,-5.850860674818289,0.0,3.5462942686633207e-40,7.978814742964183e-39,***
ZBTB10,4.663040304731849,-8.277295774476215,12.940336079208064,14131.0,4.908920067770123e-40,7.978814742964183e-39,***
RELB,9.821738225136416,-7.796289795822866,17.618028020959283,14108.0,8.71348076854761e-40,7.978814742964183e-39,***
GTF2I,-5.982754439057794,7.255844583965667,-13.238599023023461,37.0,8.933228917467263e-40,8.022726739340792e-39,***
KDM2B,-2.8191820728423167,12.728298795713624,-15.54748086855594,38.0,9.158486904924032e-40,8.069836574716082e-39,***
CEBPA,-2.128985190973178,12.119486463442179,-14.248471654415358,39.0,9.389392068557403e-40,8.120085362993162e-39,***
ZBTB32,4.5268361415430896,-7.655198746448869,12.182034887991959,14104.0,9.626085148776175e-40,8.173421389960862e-39,***
TFEB,0.23980288854478488,12.645690214558439,-12.405887326013653,43.0,1.037235210870476e-39,8.649800776366291e-39,***
CENPX,2.8386686635912666,8.788314017013683,-5.949645353422416,47.0,1.1457574828528528e-39,8.869351168103582e-39,***
HHEX,-5.128676607257317,3.95927518670778,-9.087951793965097,48.0,1.174607485204897e-39,8.869351168103582e-39,***
KLF6,10.692476786281143,-3.393512493379892,14.085989279661035,14096.0,1.174607485204897e-39,8.869351168103582e-39,***
YY1,2.4004177336965076,3.1998758954048077,-0.7994581617083001,45.0,1.0901544139215253e-39,8.869351168103582e-39,***
PBX3,-6.949181048102101,8.488524077397624,-15.437705125499726,50.0,1.2344921326054236e-39,8.869351168103582e-39,***
FLI1,-9.060211517662687,5.934565035792419,-14.994776553455106,50.0,1.2344921326054236e-39,8.869351168103582e-39,***
SP100,6.093149876669148,-9.807592740796368,15.900742617465516,14095.0,1.204179710713338e-39,8.869351168103582e-39,***
SOX5,7.313701231142121,-9.109621581316397,16.423322812458515,14095.0,1.204179710713338e-39,8.869351168103582e-39,***
DNMT1,-3.9739195296867287,6.453919931609757,-10.427839461296486,48.0,1.174607485204897e-39,8.869351168103582e-39,***
ARID5B,5.009675093486304,-8.511205263002168,13.520880356488473,14092.0,1.2974116923561673e-39,9.180170611065606e-39,***
NR3C1,5.686978208204383,-10.001757506291709,15.688735714496092,14091.0,1.3300570436346147e-39,9.270696110109927e-39,***
TRERF1,-7.012709317404997,6.13520382148484,-13.147913138889837,61.0,1.6223898251846193e-39,9.831590471405887e-39,***
ZNF124,-7.648524510846848,5.29767768259987,-12.946202193446718,59.0,1.5438073329885658e-39,9.831590471405887e-39,***
ZNF219,-2.9311884114262163,12.651508397139986,-15.582696808566203,60.0,1.582613685405878e-39,9.831590471405887e-39,***
INSM1,9.624466406757115,-1.7257931857142956,11.35025959247141,14082.0,1.663159844199283e-39,9.831590471405887e-39,***
IRF9,9.95584150676284,-4.038122914459349,13.993964421222188,14085.0,1.5438073329885658e-39,9.831590471405887e-39,***
PRMT3,-2.6744001406267213,0.9967322338561089,-3.67113237448283,62.0,1.663159844199283e-39,9.831590471405887e-39,***
XPA,-6.9026314222865945,8.158331594922062,-15.060963017208657,59.0,1.5438073329885658e-39,9.831590471405887e-39,***
PLAGL2,8.049855536439953,-8.636086801946451,16.685942338386404,14086.0,1.505947256700656e-39,9.831590471405887e-39,***
FOS,-2.6155325830154785,5.7688663471702935,-8.384398930185771,62.0,1.663159844199283e-39,9.831590471405887e-39,***
ZNF692,0.7026219637801738,8.64454161866616,-7.941919654885987,62.0,1.663159844199283e-39,9.831590471405887e-39,***
PRDM8,4.792750730887612,-1.5502039492421786,6.3429546801297905,14083.0,1.6223898251846193e-39,9.831590471405887e-39,***
ZNF74,-5.187154498491337,7.61695541497015,-12.804109913461486,56.0,1.4329747076536467e-39,9.831590471405887e-39,***
ZBTB48,2.5991562793186067,11.082552765374263,-8.483396486055657,63.0,1.704948429218362e-39,9.952636455562189e-39,***
PBX2,-1.1272016586904263,11.403147454139834,-12.53034911283026,64.0,1.747780876504308e-39,9.953825235701366e-39,***
NFKB2,9.496610044360397,-6.5244361786055745,16.02104622296597,14080.0,1.747780876504308e-39,9.953825235701366e-39,***
DBP,-5.741079372713157,9.14140981300169,-14.882489185714848,66.0,1.836681680491542e-39,1.0334100539633134e-38,***
TSHZ1,-6.388303769936835,6.342675497157586,-12.73097926709442,67.0,1.8828038136176635e-39,1.0467492630469629e-38,***
NFATC3,-6.905436547065408,3.192845313897549,-10.098281860962956,68.0,1.9300773936301446e-39,1.0604072268532677e-38,***
RREB1,-1.1534434092824521,13.960173967795736,-15.113617377078189,70.0,2.0281939011540128e-39,1.1013564556266558e-38,***
ETS2,8.505621729336692,-8.42728563106433,16.93290736040102,14072.0,2.1312683696157246e-39,1.131025373421072e-38,***
MSANTD3,7.997485776464327,-8.51093888350723,16.508424659971556,14072.0,2.1312683696157246e-39,1.131025373421072e-38,***
CSRNP2,8.53361380944413,-5.254687262276314,13.788301071720444,14069.0,2.2957243353182215e-39,1.204610409655741e-38,***
USF1,1.2786786092034212,7.710326201371046,-6.431647592167625,76.0,2.3532996489960056e-39,1.211342999679341e-38,***
CSRNP1,9.463669041553214,-7.882545708817956,17.346214750371168,14067.0,2.412310470453506e-39,1.211342999679341e-38,***
HIVEP2,5.965223158861695,-10.262358458948514,16.22758161781021,14067.0,2.412310470453506e-39,1.211342999679341e-38,***
SKIL,4.071848907274777,-8.681475500109755,12.753324407384532,14067.0,2.412310470453506e-39,1.211342999679341e-38,***
ESRRA,4.4537483495787304,6.2213714131224105,-1.76762306354368,78.0,2.4727923778486795e-39,1.2285042983567377e-38,***
ZNF263,2.4609046585240417,8.535119479693979,-6.074214821169937,81.0,2.6634336731723803e-39,1.2822922941974243e-38,***
LIN54,4.2953691551889,-4.426957372679109,8.72232652786801,14063.0,2.6634336731723803e-39,1.2822922941974243e-38,***
FOSL2,8.974079692671914,-5.169115489572658,14.143195182244572,14063.0,2.6634336731723803e-39,1.2822922941974243e-38,***
GLIS3,9.452603276841941,-5.158052918376688,14.61065619521863,14061.0,2.7985760068633297e-39,1.3201363587931062e-38,***
REPIN1,-1.0192866575857695,10.407462605890025,-11.426749263475795,83.0,2.7985760068633297e-39,1.3201363587931062e-38,***
NFE2L2,5.831488968725852,-6.025280266501952,11.856769235227803,14060.0,2.8686821837036906e-39,1.3396745797896236e-38,***
ZHX3,-1.3585893518031473,0.716443068626925,-2.0750324204300723,86.0,3.014175495142575e-39,1.380019564932924e-38,***
ZNF503,-3.179917050712641,11.9032876661104,-15.08320471682304,86.0,3.014175495142575e-39,1.380019564932924e-38,***
KLF2,-1.286364373771876,7.106750110702139,-8.393114484474015,87.0,3.089650134509934e-39,1.4008413716661546e-38,***
MTF1,6.6842269042759295,-9.014320336545023,15.698547240820952,14056.0,3.1670035645772234e-39,1.42210640832458e-38,***
MXD1,6.284708907683429,-6.448567209599837,12.733276117283266,14053.0,3.410807240363162e-39,1.5026858313675441e-38,***
TGIF1,9.311413274281218,-4.3802663337394,13.691679608020618,14053.0,3.410807240363162e-39,1.5026858313675441e-38,***
ZBTB17,9.514518909609052,-5.639401704362461,15.153920613971513,14051.0,3.5836203231622384e-39,1.5640660662773506e-38,***
KLF7,-8.026363195025175,8.986909634367509,-17.013272829392683,97.0,3.9557913542017175e-39,1.710513483715002e-38,***
ZNF524,0.728254435375636,13.380499301198746,-12.65224486582311,103.0,4.587275761313774e-39,1.9653741105812223e-38,***
HLX,8.753609247085288,-4.139686873095121,12.893296120180409,14039.0,4.819291287565914e-39,2.0460082102666198e-38,***
EEA1,0.5062188425128494,3.4128521859299585,-2.906633343417109,108.0,5.1893655880778414e-39,2.1832736302994161e-38,***
ZNF18,-6.639745072798624,0.8129734948908234,-7.4527185676894465,111.0,5.587681926661663e-39,2.3092455396026518e-38,***
MEF2A,0.8521195532923955,2.584469484395639,-1.7323499311032435,111.0,5.587681926661663e-39,2.3092455396026518e-38,***
ZNF526,2.9176631349301925,5.2078713646827595,-2.290208229752567,112.0,5.7270956811301576e-39,2.3460997220068276e-38,***
MSC,7.982424624279099,-2.8489836186586723,10.831408242937771,14031.0,5.869967288437776e-39,2.383717151043862e-38,***
ZNF281,3.106136528722497,-7.719513237776654,10.82564976649915,14028.0,6.320192212793886e-39,2.544422209805815e-38,***
JUNB,8.2098943648062,-2.839161964866655,11.049056329672855,14027.0,6.477768865806426e-39,2.585570991736411e-38,***
ZNF558,-1.5572089506159952,5.253039444815606,-6.810248395431601,118.0,6.639251020143581e-39,2.6275679884805525e-38,***
CXXC5,-0.6532242270645703,4.840760190333006,-5.493984417397576,119.0,6.804734890193215e-39,2.6704295745548164e-38,***
MAX,0.8738340804056584,3.8161831304056557,-2.942349049999997,121.0,7.14810447119997e-39,2.7818039900419885e-38,***
MBNL2,-5.962480900329134,6.147818069685163,-12.110298970014298,126.0,8.083761482764547e-39,3.094357879058233e-38,***
BHLHE40,3.788286082105855,-0.8091067103243446,4.597392792430199,14018.0,8.083761482764547e-39,3.094357879058233e-38,***
ZNF652,-3.2438137959596682,1.533568982093183,-4.777382778052852,128.0,8.491255118176818e-39,3.223915561128922e-38,***
BCL6,10.267763683371667,-4.178929389427055,14.446693072798723,14015.0,8.702595711098604e-39,3.2254858707008323e-38,***
KLF10,9.136760324223992,-2.2667803289538937,11.403540653177886,14015.0,8.702595711098604e-39,3.2254858707008323e-38,***
ZFP64,-7.5106632115065555,-0.4101761027679351,-7.10048710873862,129.0,8.702595711098604e-39,3.2254858707008323e-38,***
GPBP1,1.1819056315424292,-6.657491414893038,7.839397046435468,14012.0,9.368508263424638e-39,3.4180416867338327e-38,***
NFKB1,7.382507920544339,-7.1120177839059755,14.494525704450314,14012.0,9.368508263424638e-39,3.4180416867338327e-38,***
THAP11,1.0185021897708808,9.099102722624092,-8.080600532853211,133.0,9.601548554282076e-39,3.4228421182059004e-38,***
SP110,5.703089480226538,-6.592310560907729,12.295400041134267,14011.0,9.601548554282076e-39,3.4228421182059004e-38,***
ZKSCAN3,-3.4694589645540113,0.5352028611608103,-4.004661825714821,133.0,9.601548554282076e-39,3.4228421182059004e-38,***
ZNF385A,-1.7425018180171008,14.139430810134723,-15.881932628151823,137.0,1.059276734600552e-38,3.747592689836801e-38,***
NFIA,-2.3581694418116506,1.6919824090103823,-4.050151850822033,144.0,1.257824855277018e-38,4.4165729880779505e-38,***
STAT5A,9.08363749456958,-1.8138950336828454,10.897532528252425,13999.0,1.2890589207765696e-38,4.4924665373332686e-38,***
SETDB2,-5.743519151631916,-0.40152230450105764,-5.341996847130858,146.0,1.3210639605204532e-38,4.569902737504086e-38,***
HMGN3,-9.105840024761314,2.4128206158646766,-11.51866064062599,149.0,1.4218963933141742e-38,4.84690230421693e-38,***
TBX19,-1.319507901218302,7.508243302066308,-8.82775120328461,149.0,1.4218963933141742e-38,4.84690230421693e-38,***
ZNF664,-6.1270615872467555,-2.270978671996358,-3.8560829152503975,150.0,1.4571791490849768e-38,4.931178714657132e-38,***
ZNF267,5.233928214634734,-5.291069324510558,10.524997539145293,13986.0,1.7726303826914137e-38,5.912988490834931e-38,***
ZNF589,-4.629468374366237,1.4839052877167158,-6.113373662082953,158.0,1.7726303826914137e-38,5.912988490834931e-38,***
FAM200B,-5.843173372801536,8.65720976100093,-14.500383133802465,159.0,1.816558980982072e-38,5.932398909920474e-38,***
ZNF169,-2.9853873166878997,3.8507084856822025,-6.836095802370102,159.0,1.816558980982072e-38,5.932398909920474e-38,***
BACH1,10.261335121150836,1.0812458261372457,9.180089295013591,13985.0,1.816558980982072e-38,5.932398909920474e-38,***
MAFG,9.334132362109685,-1.7857007262757976,11.119833088385482,13982.0,1.9549440219432178e-38,6.339992071163074e-38,***
JUND,3.890535379928495,5.3133835709314,-1.4228481910029047,166.0,2.1558877366313925e-38,6.943445331081795e-38,***
EGR2,-2.5027725487003956,2.8816005870391317,-5.384373135739527,167.0,2.2092521984863548e-38,7.066580662281697e-38,***
SP1,-0.7609567061193747,10.296596992414713,-11.057553698534088,168.0,2.2639296611598364e-38,7.192211916745875e-38,***
CASZ1,7.470498030694429,-4.836288102202727,12.306786132897155,13970.0,2.6214212130394944e-38,8.271646665469215e-38,***
BATF3,10.156310849572963,-4.126076706069654,14.282387555642616,13964.0,3.0349809322086185e-38,9.51232278752634e-38,***
CENPT,0.3174927805779032,8.236656902394543,-7.91916412181664,186.0,3.5133417953744093e-38,1.093820412293233e-37,***
FOXJ2,-4.619332686543807,9.555066676255489,-14.174399362799296,189.0,3.7799155687911677e-38,1.1690202454473346e-37,***
ZNF689,-0.8172347752845519,0.9147944343427659,-1.7320292096273178,190.0,3.8731676111170527e-38,1.1899797857839892e-37,***
MEF2D,-1.6256370450470772,3.2448046384984073,-4.870441683545485,195.0,4.374862947721518e-38,1.3353339846966988e-37,***
CAMTA2,2.986119023454128,12.55525955071939,-9.569140527265262,196.0,4.4826984445037807e-38,1.3593637490800427e-37,***
ZNF609,-4.130222063696338,6.161764898146266,-10.291986961842603,197.0,4.593175890105061e-38,1.3838794455993957e-37,***
GTF3A,-4.408700644383452,1.6453274558604032,-6.054028100243855,199.0,4.822315499417682e-38,1.4253299609038339e-37,***
MYCL,-3.8294866639757936,11.810591656006661,-15.640078319982454,199.0,4.822315499417682e-38,1.4253299609038339e-37,***
ZNF335,3.4246822386989932,9.013734776081801,-5.589052537382807,199.0,4.822315499417682e-38,1.4253299609038339e-37,***
AHRR,1.9009255992959249,7.993260030831556,-6.092334431535631,201.0,5.062815309621403e-38,1.4870029871655317e-37,***
ZBTB14,-6.6614908028640665,0.8877861891182617,-7.549276991982328,208.0,6.002357092223053e-38,1.7519379762926036e-37,***
ZNF783,-1.092354323970624,4.3729056240721835,-5.4652599480428075,209.0,6.150028678464458e-38,1.7838903061136036e-37,***
KLF16,2.0222198567092677,2.78477152674618,-0.7625516700369124,212.0,6.615062582167163e-38,1.906934707328435e-37,***
ZKSCAN4,-7.655409451196981,-4.011631060278747,-3.643778390918234,218.0,7.652556598952988e-38,2.1791121534823448e-37,***
RUNX1,11.141417430424346,1.913983906507631,9.227433523916714,13926.0,7.652556598952988e-38,2.1791121534823448e-37,***
STAT4,1.4546488491127683,-2.9582754863252414,4.41292433543801,13920.0,8.851653903364131e-38,2.5052862865885147e-37,***
SMAD5,-0.13258973332902746,0.12156570363147665,-0.25415543696050413,225.0,9.068916795483673e-38,2.5513157490908884e-37,***
NFAT5,2.4673623630792387,-1.2915396719306103,3.758902035009849,13909.0,1.1555313872557312e-37,3.2313362745414763e-37,***
MEF2C,-0.3303705713736981,2.5210729305315693,-2.8514435019052673,241.0,1.3361173013157635e-37,3.714087974490843e-37,***
ZBTB40,0.9590669015557614,2.5880268253088516,-1.6289599237530903,242.0,1.3688307144108005e-37,3.782508542188425e-37,***
SRF,6.041876985836845,1.428935258706017,4.612941727130829,13899.0,1.4718246888374581e-37,4.0431889981593704e-37,***
JDP2,-0.4296104825167979,12.251123940907325,-12.680734423424123,249.0,1.6212248847771842e-37,4.427555679479211e-37,***
PIN1,5.117365866572655,7.621549251847823,-2.5041833852751685,251.0,1.701483456290233e-37,4.619725430741505e-37,***
PLAGL1,0.898009520044212,7.0227856555989465,-6.124776135554734,259.0,2.063976811476621e-37,5.5715443408068325e-37,***
RBPJ,-1.914807027755951,1.225634425446592,-3.140441453202543,274.0,2.96286708662801e-37,7.952062812961383e-37,***
ZNF189,1.2120516870523765,-0.49201217736905944,1.7040638644214359,13864.0,3.4230982362587123e-37,9.13478215047325e-37,***
ZNF469,4.034628960523264,1.5280835106945287,2.506545449828735,13861.0,3.679191912226942e-37,9.707246457683514e-37,***
AKAP8,5.629178861298234,7.21901376879444,-1.589834907496206,283.0,3.679191912226942e-37,9.707246457683514e-37,***
CC2D1A,3.738453801439378,4.982572788991217,-1.2441189875518384,287.0,4.050499693080122e-37,1.0626872790272006e-36,***
TIGD5,2.9507048871939707,6.578015254686749,-3.627310367492778,292.0,4.567405920922839e-37,1.1916081369111541e-36,***
RXRB,4.835228455392514,8.295050208464136,-3.4598217530716227,298.0,5.274880998321314e-37,1.3685385701200296e-36,***
MNT,3.1596510801687776,9.569907297265612,-6.410256217096834,302.0,5.806008157686047e-37,1.4980142594692729e-36,***
TBP,0.6863323524407141,1.2923419694265008,-0.6060096169857867,303.0,5.946892475080977e-37,1.5259333988257232e-36,***
ZNF174,-1.489975739091944,0.0469271760464302,-1.5369029151383742,306.0,6.390256651532535e-37,1.630737626374696e-36,***
ERF,3.9092364509805684,8.365696306029957,-4.456459855049388,317.0,8.31581341616463e-37,2.110589600733088e-36,***
SAFB2,3.794908671501788,9.607219096367771,-5.812310424865983,321.0,9.150697784085463e-37,2.309932900090763e-36,***
AKAP8L,3.738722371602787,8.46530388947258,-4.726581517869793,326.0,1.0312331468513809e-36,2.5891713955892196e-36,***
ATF6B,3.3759981010148454,8.255525321053959,-4.8795272200391135,337.0,1.3409388269939333e-36,3.3487616695516945e-36,***
MBD3,5.043145295848758,6.452099609353831,-1.408954313505073,338.0,1.3733088566899061e-36,3.41135763869248e-36,***
LYL1,3.1989416667558395,10.9321003620854,-7.733158695329561,340.0,1.4403968792533504e-36,3.559075886832353e-36,***
ZNF324,2.4684895568302947,3.4659125768526025,-0.9974230200223078,343.0,1.5471830564121916e-36,3.8028130912868075e-36,***
ZNF101,-2.8437176912462605,-6.919999409659547,4.076281718413286,13798.0,1.66183366621889e-36,4.063226817404302e-36,***
ZNF703,4.238957757058178,6.107606062959928,-1.8686483059017496,349.0,1.7849239969444707e-36,4.341455763401395e-36,***
MLXIP,-3.2568741086558344,6.753450096159851,-10.010324204815685,353.0,1.9632458476545256e-36,4.750444615827272e-36,***
ZBTB34,3.1889525107193424,6.322514937505387,-3.1335624267860447,358.0,2.2112314127254067e-36,5.322912730632809e-36,***
IRF4,1.643588231927665,-1.3173944598139462,2.960982691741611,13781.0,2.4903231915959562e-36,5.9640047716682645e-36,***
HMGA2,3.8112949868314914,-8.490474542247595,12.301769529079086,13772.0,3.083746795352702e-36,7.347498741988324e-36,***
BAZ2B,1.3831973652460563,10.04448747616945,-8.661290110923394,376.0,3.390735148824308e-36,8.037935606603816e-36,***
IKZF3,-3.9813968996889444,-6.83938733422585,2.8579904345369056,13767.0,3.472113062149539e-36,8.189276767797146e-36,***
ZNF34,0.26648582114287744,0.7462052534811572,-0.47971943233827974,378.0,3.5554316117729956e-36,8.343651068834115e-36,***
ZNF511,1.0802185609635804,1.8251517812765763,-0.7449332203129959,382.0,3.909048126798067e-36,9.127627376073486e-36,***
ZNF467,0.5692546903975662,12.357050127275206,-11.78779543687764,400.0,5.985139084165438e-36,1.3905770906991342e-35,***
HSF1,5.930497320389225,7.4744557941762135,-1.5439584737869883,410.0,7.579509295581643e-36,1.7522924955626868e-35,***
CEBPB,10.604325094828912,2.543665712740596,8.060659382088316,13728.0,8.731890106292967e-36,2.0087648668171505e-35,***
CENPB,4.8921726515681385,6.538387998513603,-1.6462153469454641,427.0,1.1315037770686165e-35,2.590256195544333e-35,***
ZNF318,-0.4956367884311112,-0.0910771012645993,-0.4045596871665119,429.0,1.1860403988348009e-35,2.701857884174888e-35,***
KLF5,3.4475766947109303,0.5673837584189176,2.880192936292013,13710.0,1.3340790925921665e-35,3.0243443506822416e-35,***
ZNF117,1.7489609603183913,2.727339284781173,-0.9783783244627817,438.0,1.465615014971012e-35,3.3064841159007856e-35,***
ZNF410,0.09203648349188324,-4.244520735096335,4.336557218588219,13677.0,2.893148771641558e-35,6.495675367099075e-35,***
STAT2,10.588261736439842,2.7907760387765257,7.797485697663316,13665.0,3.8301092634888256e-35,8.558186727508525e-35,***
ETV7,10.743975064596942,1.6012712660107338,9.142703798586208,13659.0,4.406048984352128e-35,9.798213693773542e-35,***
IRF5,1.222869952931359,2.715046330049878,-1.4921763771185192,488.0,4.725501332809501e-35,1.0458811006739512e-34,***
ZBTB7B,4.116083722349323,11.116907471660575,-7.000823749311252,495.0,5.56320047761741e-35,1.2254785957770428e-34,***
ZNF865,3.859023846220625,4.805866578148537,-0.9468427319279118,500.0,6.250365790053606e-35,1.3703853633591708e-34,***
ZBTB43,2.450497343140093,0.8841297758683289,1.5663675672717643,13640.0,6.860293044474967e-35,1.4970826410139297e-34,***
RXRA,5.05126352894986,10.496027873593619,-5.444764344643758,522.0,1.042340032815373e-34,2.264059513138508e-34,***
ZBTB47,4.547297040008621,9.940086871608099,-5.392789831599478,555.0,2.2376222756924946e-34,4.837822234946273e-34,***
ZNF428,2.856702667890069,4.740854839137516,-1.8841521712474467,560.0,2.511376124467358e-34,5.404666590443577e-34,***
BCL11A,0.07417752927320345,-1.394610989808928,1.4687885190821315,13570.0,3.467845067754918e-34,7.428824067163058e-34,***
TBX6,1.9974484708177578,4.291371828662824,-2.293923357845067,575.0,3.5486148029731247e-34,7.5671375022303624e-34,***
PRR12,3.0276080238804006,5.84922255943168,-2.821614535551279,589.0,4.896522969710836e-34,1.039398284934073e-33,***
TFAP4,0.8379093916635304,4.016335747556183,-3.1784263558926527,592.0,5.245808180859475e-34,1.1085033576748301e-33,***
SP140,3.5363666850554183,1.0034668073852537,2.5328998776701646,13544.0,6.302959732205304e-34,1.3258928806035483e-33,***
RBCK1,8.482420853994094,3.059896148867087,5.422524705127008,13512.0,1.3106928944432617e-33,2.7448142677354404e-33,***
ZFP3,-1.357190240981301,-0.4838132726523323,-0.8733769683289687,638.0,1.5029503137814615e-33,3.1333830202497436e-33,***
USF2,1.1269276246934878,1.739626985430786,-0.6126993607372981,641.0,1.6093331554578953e-33,3.340260371550387e-33,***
ZXDC,1.3009972220264163,1.6412729251570306,-0.3402757031306143,645.0,1.762895121445478e-33,3.642796556261231e-33,***
ZBTB46,4.220655825315603,6.648338267288709,-2.427682441973106,657.0,2.3164462368494406e-33,4.7655523903466465e-33,***
KDM5B,1.404924997534187,1.0763646038579933,0.32856039367619383,13479.0,2.7782067199185602e-33,5.690449728955998e-33,***
NFIC,7.637513068784863,10.169747806244306,-2.5322347374594427,677.0,3.647504276201861e-33,7.438360248848338e-33,***
ZBTB44,-0.8674963199188557,1.0295391425687552,-1.897035462487611,698.0,5.866435216500487e-33,1.1911414113503163e-32,***
KLF3,1.391549834535382,2.1787835127871413,-0.7872336782517593,712.0,8.046145114536935e-33,1.6266449214237006e-32,***
PBX4,-1.1970517718794857,-2.0954833632871352,0.8984315914076495,13428.0,8.805156354840732e-33,1.772417249013199e-32,***
IRF1,9.71824317988633,1.220277886024903,8.497965293861427,13415.0,1.1797886350814097e-32,2.3646407406996495e-32,***
ATF2,1.3374374142191314,1.0807187495561799,0.25671866466295157,13391.0,2.0216942210552698e-32,4.034748723217141e-32,***
ZNF516,1.6529644342905527,4.618757028164547,-2.965792593873994,758.0,2.2611891523433518e-32,4.4935120601887034e-32,***
KLF13,-0.14704995165807822,2.8414572849785795,-2.9885072366366576,765.0,2.6444972047416654e-32,5.232966926332024e-32,***
ZNF691,1.6971008703345223,2.1749086647828584,-0.4778077944483361,799.0,5.644178233471031e-32,1.11216507807214e-31,***
PREB,1.7902563196866574,2.0591067480351133,-0.26885042834845585,866.0,2.484819405681492e-31,4.875675052324608e-31,***
NFIL3,-1.2640332470372768,-2.399182187051224,1.1351489400139472,13226.0,7.765712722388913e-31,1.5174007704416832e-30,***
BATF2,8.945108081129309,1.1762215366216855,7.768886544507623,13189.0,1.737052046310189e-30,3.380013773445243e-30,***
ZNF324B,0.12415202714574686,0.608833684377085,-0.4846816572313381,969.0,2.352686055785504e-30,4.55893936950967e-30,***
ZNF32,-0.6177906221312064,0.19220562637138133,-0.8099962485025878,972.0,2.510485195817248e-30,4.844613993581218e-30,***
ZNF785,3.774866490665609,4.6831973131440865,-0.9083308224784776,978.0,2.8582753166844864e-30,5.493064085973889e-30,***
NR1D1,1.4990736497750725,1.975969336998407,-0.47689568722333453,1010.0,5.697645424424971e-30,1.090491972625599e-29,***
CEBPE,-2.296230960053149,2.184953895941323,-4.4811848559944725,1032.0,9.136145888536544e-30,1.7414612775292107e-29,***
ZNF33B,-3.0178582530782085,-1.9325201387938336,-1.085338114284375,1049.0,1.3143810930677838e-29,2.4951868717994108e-29,***
NFX1,0.2041156275517973,1.6393754468107562,-1.435259819258959,1072.0,2.146503196880888e-29,4.058368392483298e-29,***
XBP1,0.4184755848813334,-0.7961190842481372,1.2145946691294705,13063.0,2.599350646597919e-29,4.894744967585597e-29,***
ZNF333,1.6671708419156237,2.184063223932033,-0.5168923820164093,1085.0,2.8299161291219234e-29,5.307513382730675e-29,***
HMGA1,1.2932600884426264,1.5327958564063962,-0.23953576796376974,1109.0,4.7066936228796166e-29,8.792103687539123e-29,***
ZNF341,3.7116817115072216,4.608135227847955,-0.896453516340733,1117.0,5.574028399153738e-29,1.0370801842250183e-28,***
JRK,3.696743875674085,5.56290725621635,-1.8661633805422655,1134.0,7.978751283907577e-29,1.4786019244384281e-28,***
ELK3,1.3136308463041262,0.7407493534585352,0.572881492845591,13009.0,8.148618098042195e-29,1.5041125105872354e-28,***
YBX3,1.235211896459594,0.7174102671677313,0.5178016292918627,12981.0,1.4677127147951994e-28,2.698511172477788e-28,***
ZNF296,1.2006430847764231,1.3250674116520544,-0.12442432687563132,1164.0,1.4988083305170127e-28,2.744876432750764e-28,***
TRAFD1,8.225339408239867,1.5941186083506345,6.631220799889232,12978.0,1.5629735576918762e-28,2.8512056696957273e-28,***
MXD4,3.1774919920474254,4.681278171369399,-1.503786179321974,1167.0,1.596070686546035e-28,2.9002529595992153e-28,***
ZNF599,2.367236167367932,4.144740475278116,-1.777504307910184,1181.0,2.13943801115661e-28,3.872548648101306e-28,***
PA2G4,2.690114144031031,4.497235470712667,-1.807121326681636,1216.0,4.437291010916266e-28,8.000829737829716e-28,***
ZNF831,0.4236466544830067,2.126418851669843,-1.7027721971868361,1222.0,5.026237794553275e-28,9.02789634637069e-28,***
TFCP2,1.2518646460367027,1.3453756610020804,-0.09351101496537773,1223.0,5.1316682906657e-28,9.181950543068513e-28,***
ZNF76,5.390496639211301,7.705685847780936,-2.3151892085696346,1270.0,1.3560581099729071e-27,2.4170959441120137e-27,***
GMEB2,4.25888217033327,4.80223026194417,-0.5433480916109001,1294.0,2.220677880038654e-27,3.94318087444126e-27,***
ARNT,3.211435387689556,4.914733311156233,-1.7032979234666774,1305.0,2.782095074040855e-27,4.921357574155603e-27,***
ZNF581,2.3885936514074553,3.1446311558637863,-0.756037504456331,1361.0,8.706788217750289e-27,1.534366074599768e-26,***
ZNF697,9.524760567533676,5.817641534877616,3.7071190326560597,12780.0,9.25268297734497e-27,1.624437199406053e-26,***
ZKSCAN5,-0.8298061482820845,-1.1117176726619373,0.2819115243798528,12710.0,3.7898356539880023e-26,6.628663859222461e-26,***
STAT6,3.620240008493588,3.8669969501694794,-0.24675694167589146,1460.0,6.370503103171631e-26,1.110083936261624e-25,***
ZNF446,3.2509105509369927,4.450142644639776,-1.1992320937027832,1465.0,7.037718640816919e-26,1.2172646686153707e-25,***
TCF3,2.0907117066999668,2.8574753759991585,-0.7667636692991917,1465.0,7.037718640816919e-26,1.2172646686153707e-25,***
THYN1,-2.5837754584173087,-1.3204683035801346,-1.2633071548371742,1469.0,7.620985781279766e-26,1.3132842656301293e-25,***
ZNF133,0.8220085897998164,1.052981883243295,-0.2309732934434785,1497.0,1.3285774207851866e-25,2.281050204068684e-25,***
ZNF696,0.5510214117987979,0.7350674531681897,-0.18404604136939173,1501.0,1.4380437866955992e-25,2.459950360391373e-25,***
ZNF497,0.8853504122266056,1.502907394142733,-0.6175569819161275,1530.0,2.548824413894542e-25,4.344164238280114e-25,***
POGK,1.6925238982988682,1.810736662519566,-0.11821276422069782,1557.0,4.331311478407172e-25,7.3553544015132705e-25,***
NFYC,2.8586700026000815,3.42210873143674,-0.5634387288366587,1570.0,5.585997448652091e-25,9.451669596088863e-25,***
STAT1,7.615975447694292,2.1255087888526027,5.490466658841689,12562.0,7.060837113957734e-25,1.1904010585625494e-24,***
FOXO3,2.38660027357843,1.3019064309520199,1.0846938426264103,12537.0,1.1485395313011958e-24,1.9293811550994904e-24,***
ZSCAN20,2.6879069787495866,1.976164135199078,0.7117428435505087,12536.0,1.1710564780251731e-24,1.9601554668019924e-24,***
FOSL1,3.238122003142599,0.8491996526341157,2.388922350508483,12426.0,9.701467016105307e-24,1.618066105900421e-23,***
IKZF1,1.627127260274583,1.132179183271317,0.49494807700326593,12421.0,1.0669424478470812e-23,1.7731748154611635e-23,***
MZF1,5.980115807642753,6.837069781112646,-0.856953973469893,1740.0,1.4732958216375956e-23,2.439819676258004e-23,***
ZNF438,7.978481911707881,6.046737049459699,1.9317448622481823,12363.0,3.195182279749292e-23,5.272615281423743e-23,***
ZBTB18,2.444104370077247,3.456655085478638,-1.012550715401391,1784.0,3.3806180824420187e-23,5.5589741003536e-23,***
CARF,0.6030711978712671,1.7880798909302134,-1.1850086930589463,1788.0,3.6445356753998217e-23,5.971923369865672e-23,***
THAP8,0.9631554744729458,3.2364028764100246,-2.2732474019370787,1812.0,5.714918182300658e-23,9.331702066903523e-23,***
CCDC17,1.0289001255038415,1.2355029595592135,-0.20660283405537205,1817.0,6.274828654876793e-23,1.0174808964678689e-22,***
DNTTIP1,3.142395007798383,4.251318658451058,-1.1089236506526747,1817.0,6.274828654876793e-23,1.0174808964678689e-22,***
ZNF234,0.7070782052340552,1.0112939412639173,-0.30421573602986207,1871.0,1.7123090118872681e-22,2.766949164537558e-22,***
IRF3,5.233855308137903,6.443157070340795,-1.2093017622028919,1881.0,2.0598462236004403e-22,3.3170627117979503e-22,***
VDR,9.526845779985553,7.321450984903292,2.2053947950822614,12243.0,2.977734735095253e-22,4.778701447730182e-22,***
TCF7L2,4.223412567963327,2.547578932678526,1.6758336352848007,12231.0,3.7121551364171694e-22,5.936905646256227e-22,***
HMBOX1,3.5479097671804083,3.9178536350887674,-0.3699438679083591,1950.0,7.302184796300863e-22,1.163863583574233e-21,***
SMAD3,-1.9552265503269632,-1.1937794369758574,-0.7614471133511058,1952.0,7.573145864368392e-22,1.2029452784557956e-21,***
ANKZF1,0.5443257009228248,2.6904412645756928,-2.146115563652868,1958.0,8.447155896590417e-22,1.3372277300704152e-21,***
ZBTB11,1.4956263637640048,3.160289224260812,-1.664662860496807,1971.0,1.0697879328847044e-21,1.6878073130309357e-21,***
ZNF576,1.2612818395522998,1.5225808610276257,-0.2612990214753259,2016.0,2.412306780198188e-21,3.793088438897487e-21,***
ZNF768,1.1093150594587722,1.708176693438603,-0.5988616339798307,2019.0,2.546044106909155e-21,3.989941603780454e-21,***
CTCF,1.6642948720657837,1.8075410209165421,-0.14324614885075837,2034.0,3.3329485495216088e-21,5.205642048918366e-21,***
SNAPC4,3.7404032120022457,4.128693836866082,-0.3882906248638367,2038.0,3.58064422138321e-21,5.573869504619864e-21,***
CXXC1,5.294952200337372,5.959593976427055,-0.6646417760896828,2050.0,4.438269066302069e-21,6.885952338747729e-21,***
E2F6,0.8864479882927457,1.2220940967376843,-0.3356461084449386,2068.0,6.119048247812355e-21,9.462236860027714e-21,***
ZBTB4,-0.15073489246398947,0.8157693805473647,-0.9665042730113542,2073.0,6.688652546043987e-21,1.0308913330041393e-20,***
RARA,3.265672725824159,3.778000368060703,-0.5123276422365439,2147.0,2.4717706614554464e-20,3.797095062170044e-20,***
ZNF500,2.8973571539348515,3.201358983864906,-0.3040018299300544,2158.0,2.9969845196030233e-20,4.5888254775561043e-20,***
PAX5,0.7014045738255357,-0.6167278779983627,1.3181324518238984,11968.0,4.104069947034276e-20,6.263400866879109e-20,***
ZNF671,-0.3722425603531023,-0.17142197565515385,-0.20082058469794847,2249.0,1.4517748318263252e-19,2.2084001513449314e-19,***
PRDM2,0.1402403079755625,-0.20190233407444025,0.3421426420500028,11887.0,1.665479579591459e-19,2.5252563755493876e-19,***
REXO4,2.0998649639654747,2.9054379869664584,-0.8055730230009837,2270.0,2.080885032783172e-19,3.144897444368095e-19,***
ZBTB25,1.7290987750203555,2.6262757225079083,-0.8971769474875528,2296.0,3.2426450494060915e-19,4.884887864750467e-19,***
ZNF710,5.199318625844169,6.72153268470149,-1.5222140588573208,2326.0,5.394113177976432e-19,8.099841974646282e-19,***
ZNF683,-0.7958064069224209,0.5421132502144006,-1.3379196571368215,2338.0,6.606136556960508e-19,9.888031320835119e-19,***
ZNF362,0.5333877387426653,0.9872411036540694,-0.45385336491140404,2382.0,1.383100549194132e-18,2.0636036948040246e-18,***
SPI1,8.037873475975232,9.8138383042638,-1.7759648282885685,2397.0,1.7765815927592257e-18,2.6422407764922243e-18,***
GATA2,0.2104862381225891,-0.37140729378125575,0.5818935319038449,11708.0,3.3938793773064078e-18,5.0315608546098175e-18,***
ZNF248,1.3450640437560843,1.891341572872887,-0.5462775291168027,2461.0,5.124928255203783e-18,7.573865491076476e-18,***
ZNF688,1.1747623032522263,1.3177029619805722,-0.14294065872834594,2462.0,5.2098811429901036e-18,7.675124586045357e-18,***
THAP7,5.028897743659792,5.518808774587958,-0.489911030928166,2487.0,7.849423233459093e-18,1.1527297641589297e-17,***
ZKSCAN8,0.33320707450971143,1.0827325931362832,-0.7495255186265718,2505.0,1.0529812108830118e-17,1.541511678628108e-17,***
ZNF668,2.8082251245536396,3.06807110310626,-0.2598459785526206,2521.0,1.365894041997923e-17,1.993351617540719e-17,***
NFATC2,2.3018015011973345,1.923063809376682,0.3787376918206524,11617.0,1.505535601335058e-17,2.1902963421291967e-17,***
ZEB2,6.860166474734994,5.307628991332752,1.5525374834022418,11610.0,1.6863279568209036e-17,2.4456992417247268e-17,***
CREBZF,1.8889344314117813,2.4545146483146727,-0.5655802169028914,2637.0,8.771752841975968e-17,1.268237949598383e-16,***
KAT7,1.2525323732888236,1.5005820428185186,-0.24804966952969498,2769.0,6.878090075920859e-16,9.913790325478522e-16,***
TSHZ2,1.4485497971607297,1.2176742899283814,0.2308755072323483,11351.0,9.937114744079075e-16,1.4278869493799778e-15,***
ARID3A,5.477804465004953,4.6131172450009075,0.8646872200040452,11307.0,1.9407006593998e-15,2.78008345993775e-15,***
AKNA,2.531709309369624,3.665706898201287,-1.133997588831663,2877.0,3.5456706787496505e-15,5.063694822556841e-15,***
ZNF395,0.5226939905973991,2.6165839438634437,-2.0938899532660447,2885.0,3.997211524708247e-15,5.691151774508388e-15,***
MXI1,0.2708805462150174,1.538703988596861,-1.2678234423818435,2904.0,5.308970167328547e-15,7.535833033867573e-15,***
GMEB1,1.8533232435589013,1.2594785335656076,0.5938447099932938,11231.0,6.070208257902912e-15,8.590264413456545e-15,***
ZNF623,1.3773204099051262,1.615011422097585,-0.23769101219245892,2939.0,8.925496849930002e-15,1.2592770480112722e-14,***
ZNF548,3.2707957716036775,3.6093836431366606,-0.3385878715329831,2947.0,1.0044866632475269e-14,1.4129375654716719e-14,***
SLC2A4RG,1.091008611050603,1.399314265384192,-0.3083056543335889,2962.0,1.252835458943323e-14,1.7569794574370323e-14,***
ZNF654,1.2886655559255726,1.13769914175897,0.15096641416660272,11176.0,1.368293095819973e-14,1.913152322598585e-14,***
ZNF224,2.823839513306537,3.070666521610157,-0.24682700830362014,2982.0,1.6799651844890178e-14,2.3419216153921532e-14,***
ZNF821,1.1194114987054309,1.6129358284655433,-0.4935243297601124,2983.0,1.7047267968885064e-14,2.3693673040087276e-14,***
SOX13,-0.4858805335009446,0.4551859063138488,-0.9410664398147934,2988.0,1.834022848063461e-14,2.5415094066636094e-14,***
RFX7,-0.12595653589119293,0.8050304911578736,-0.9309870270490666,3004.0,2.316070257163213e-14,3.2000142310509475e-14,***
TET1,1.999381469820102,2.369470391268254,-0.370088921448152,3006.0,2.384476308291426e-14,3.284809545640401e-14,***
ZNF606,2.452009759106133,2.7210706798743627,-0.26906092076822974,3035.0,3.630907242620521e-14,4.987157889128775e-14,***
GATA3,1.4225077311945267,1.5933782971989872,-0.1708705660044605,3054.0,4.775050777471431e-14,6.539439041287854e-14,***
ZNF345,1.8491620584593895,2.2006271330064813,-0.35146507454709175,3086.0,7.552815108201676e-14,1.0313346945994686e-13,***
TMF1,1.0236853650996771,0.9127594164758916,0.11092594862378546,11036.0,1.0330417040208072e-13,1.406502844832994e-13,***
ZNF761,1.8777179226035758,2.0641862395711406,-0.18646831696756472,3131.0,1.4306415582511967e-13,1.9421790921607816e-13,***
MAFF,2.9832357607772293,1.7304952108162492,1.25274054996098,10986.0,2.09181110680843e-13,2.831524019940686e-13,***
E4F1,3.3769959020248352,3.574572342176345,-0.19757644015150966,3169.0,2.4402092990014084e-13,3.2935772908487214e-13,***
RORC,-2.2948133204087835,-1.1014428413165023,-1.1933704790922812,3172.0,2.5447330113464397e-13,3.424755954751549e-13,***
ZNF25,1.6583008781372162,2.029697688974296,-0.37139681083707976,3215.0,4.626361486983544e-13,6.208364409256653e-13,***
ZNF721,-1.5078555362169972,-0.755886150540704,-0.7519693856762932,3253.0,7.804384418123788e-13,1.044311611250375e-12,***
CREBL2,2.4968396939505304,3.0342001733137325,-0.5373604793632021,3291.0,1.3099921444940584e-12,1.7479038042249294e-12,***
ELK4,0.804741833698066,0.5507122632266799,0.2540295704713861,10835.0,1.6713124019849958e-12,2.2236549621851654e-12,***
MTERF3,-0.09371397142318716,0.03068803740880325,-0.1244020088319904,3334.0,2.3398054291310338e-12,3.1042304983073658e-12,***
ZNF354B,1.9502363137476548,2.2114629194921513,-0.2612266057444965,3371.0,3.8345889105954064e-12,5.072954734413753e-12,***
USF3,0.11652180104195126,0.0685293439510445,0.04799245709090676,10731.0,6.679750794735438e-12,8.811987630343079e-12,***
SPIB,1.1325222501545085,0.45756778211665305,0.6749544680378554,10724.0,7.322789695119843e-12,9.633078274988638e-12,***
NFE2L1,0.4002486573984245,-0.19013640322089942,0.5903850606193239,10709.0,8.911771048867138e-12,1.1690441235452118e-11,***
TIGD1,1.8421720844112155,1.986728853735823,-0.14455676932460748,3464.0,1.2998593691721444e-11,1.7003762616341496e-11,***
THAP12,2.2093409194517153,2.55472469210858,-0.3453837726568647,3588.0,6.318750861342987e-11,8.242616347059147e-11,***
VENTX,1.624062541518223,1.8663602540567186,-0.24229771253849552,3596.0,6.984668434925252e-11,9.085905735682708e-11,***
POU6F1,1.209302531923965,1.2710913505247385,-0.061788818600773565,3622.0,9.658427013566032e-11,1.252912615370927e-10,***
ZGPAT,1.0518950641032598,0.9734768291091449,0.07841823499411493,10511.0,1.1070171667101934e-10,1.4320692987636022e-10,***
AHR,1.518241282957641,1.3793816977693156,0.13885958518832542,10486.0,1.5070767185000162e-10,1.9388562742135195e-10,***
ATF6,3.180929113028711,2.8792306813304474,0.3016984316982638,10486.0,1.5070767185000162e-10,1.9388562742135195e-10,***
ZNF837,2.017879379154502,2.1036189222216977,-0.08573954306719545,3681.0,1.9978919125307588e-10,2.5632294592084185e-10,***
ZBTB16,-0.5153330249907727,-0.06013818082524655,-0.45519484416552614,3718.0,3.132384217167663e-10,4.007735423061092e-10,***
ZNF251,1.6312234691846337,1.9599209770969273,-0.3286975079122936,3761.0,5.251425993693093e-10,6.700589997417144e-10,***
HBP1,1.0582929203387605,0.9875356857498521,0.07075723458890848,10378.0,5.574310800609913e-10,7.093196577342858e-10,***
E2F5,0.9418412920161989,0.627616496258071,0.3142247957581279,10365.0,6.507176295128808e-10,8.2577481788727e-10,***
ZNF146,0.6206239075122246,0.9308683780977773,-0.3102444705855527,3808.0,9.170511638079432e-10,1.160604047420893e-09,***
ETV6,1.9493619896735916,2.0580367779770112,-0.10867478830341959,3839.0,1.3191116469982012e-09,1.6649328085085405e-09,***
ZNF280B,-1.9535753337338853,-2.045637851057085,0.0920625173231997,10242.0,2.733574072435981e-09,3.4409139941444826e-09,***
ZNF383,0.8248636669249154,0.9811508395260671,-0.15628717260115166,3948.0,4.613698689995801e-09,5.791928194161395e-09,***
NR1H2,1.2450383347412124,1.20113424066209,0.043904094079122435,10180.0,5.525568995513082e-09,6.918071637813966e-09,***
ZNF529,1.3793021259540281,1.8846678154929242,-0.505365689538896,4015.0,9.761149625438279e-09,1.2188387366523197e-08,***
ZBED6,1.220995776391951,1.147224264337999,0.07377151205395194,10101.0,1.3290141165095852e-08,1.655065579759937e-08,***
MGA,1.1126216663876243,1.0722006060044436,0.04042106038318072,10060.0,2.0781663579232237e-08,2.5811268328461316e-08,***
GLI4,2.63395908693146,2.7447171597234084,-0.11075807279194816,4140.0,3.791592471824277e-08,4.6967471733207886e-08,***
ATF5,2.5190775230112914,2.283895396801695,0.23518212620959655,9978.0,4.9943755487592086e-08,6.170299950451191e-08,***
SNAPC5,0.9083519365703112,1.1207224737897499,-0.21237053721943866,4181.0,5.8486910805493675e-08,7.2066985082231e-08,***
TET2,3.890167416473391,4.189989675122517,-0.29982225864912593,4197.0,6.915755957158017e-08,8.499100084191562e-08,***
NACC2,1.1061649285915456,1.2326427952498107,-0.1264778666582651,4208.0,7.75632634654372e-08,9.507098172797682e-08,***
LTF,-6.347585031781011,-3.4855680015665573,-2.862017030214454,4282.0,1.6600358687704043e-07,2.0294155777899968e-07,***
CAMTA1,2.406361848106479,2.5064742952100643,-0.10011244710358547,4473.0,1.0853604653560682e-06,1.3234029695072685e-06,***
GABPA,2.1083588658809616,2.2060328776481057,-0.09767401176714419,4479.0,1.1489906810201303e-06,1.3973402292614605e-06,***
TP53,0.9424370271931974,1.2357168601970088,-0.29327983300381133,4527.0,1.8044445091422353e-06,2.188767755245257e-06,***
ZZZ3,1.5351407291339714,1.652551919153831,-0.11741119001985956,4610.0,3.866255942232367e-06,4.67756871767491e-06,***
SGSM2,-0.12764519344360703,-0.051655158827817946,-0.07599003461578908,4632.0,4.713141979307924e-06,5.687434894927133e-06,***
ZBTB1,0.37879137712882427,0.4625612776496058,-0.08376990052078154,4655.0,5.787341786895289e-06,6.965692305361081e-06,***
ZBTB45,1.040695940918377,0.9944861823543867,0.04620975856399023,9466.0,7.0936535546939896e-06,8.516031388283016e-06,***
TBX21,0.45325311513846056,0.8092226913792875,-0.3559695762408269,4777.0,1.669043715534537e-05,1.9985728593708433e-05,***
FOXO1,1.9149599103438812,1.7795072150961975,0.13545269524768377,9331.0,2.259599609605771e-05,2.698805671830934e-05,***
ZNF367,-0.030541761618213398,0.058115545772896904,-0.0886573073911103,4828.0,2.5602936247986145e-05,3.0501457213799818e-05,***
PPARD,2.1348825333049257,2.5621999196842133,-0.4273173863792876,4861.0,3.361240340484803e-05,3.994145646326725e-05,***
MTERF4,1.5169415865969573,1.557569976328565,-0.04062838973160776,4871.0,3.647593529445398e-05,4.3234166960685294e-05,***
MAFB,2.5931368834776753,2.4276892971614283,0.165447586316247,9252.0,4.3260883774012485e-05,5.114641195560464e-05,***
TFEC,1.9247911561134474,2.158091302469571,-0.2333001463561235,4931.0,5.915363012598229e-05,6.975945774958012e-05,***
ZNF700,2.3880044560826343,2.7370992285712896,-0.3490947724886553,4932.0,5.962611125009338e-05,7.013953136975721e-05,***
KLF12,1.3552103611598825,1.8265127454162278,-0.4713023842563453,4963.0,7.617653842460973e-05,8.938302372937875e-05,***
ZNF860,-0.7200102506172068,-0.40737657331988514,-0.31263367729732167,4964.0,7.677674401251343e-05,8.98615023905859e-05,***
ZNF770,0.9673312403793416,1.0992326446335876,-0.131901404254246,4969.0,7.984544219932543e-05,9.321955376771245e-05,***
ZNF845,2.1660922390572157,2.32926218716743,-0.16316994811021424,5060.0,0.00016057172428617542,0.00018699998813377535,***
ZNF829,-0.2816515188352545,-0.37614790488342953,0.09449638604817501,9060.0,0.00019217087300684403,0.00022324327784625913,***
ZSCAN12,-3.7017557056101182,-3.8469318971396516,0.14517619152953332,9056.0,0.00019797458770070422,0.00022941472073505925,***
RLF,1.2781755931971042,1.204464970694226,0.07371062250287808,9019.0,0.0002600387432726528,0.00030058933937705167,***
ZNF184,0.8384063011154114,0.9502139643276948,-0.11180766321228341,5150.0,0.00031184279320168066,0.0003595816899387281,***
TSHZ3,4.957574953092541,4.6923942925864335,0.26518066050610756,8963.0,0.00038950604917627435,0.0004480278940032515,***
ETS1,-0.9471460655434822,-1.2324453577091687,0.2852992921656865,8961.0,0.0003950912582963373,0.00045333566983879486,***
ZNF566,0.8085341096229866,0.8632208818716067,-0.054686772248620175,5273.0,0.0007395620502868058,0.0008465085232449468,***
RFX1,1.5622839189404392,1.6171509276025207,-0.054867008662081496,5288.0,0.0008188813645624872,0.0009350063502461651,***
RFX5,1.1894127699297092,0.7429320529720983,0.44648071695761093,8853.0,0.0008356635893879745,0.0009518412103516685,***
ZNF800,2.542936146268622,2.6764474460240666,-0.1335112997554444,5329.0,0.0010777379952241696,0.001224583074865419,**
GFI1,2.1052995210347736,2.468408947255483,-0.3631094262207095,5335.0,0.0011214202997811987,0.0012711244660141257,**
ZNF8,0.8402882244448289,0.9506025285320079,-0.11031430408717902,5359.0,0.001313027282266286,0.0014847063942333063,**
NR1D2,1.7210520654041694,1.8102696372956866,-0.08921757189151713,5374.0,0.0014476749306792556,0.001633005296200996,**
LEF1,2.95800556551372,3.3003805350580593,-0.34237496954433944,5387.0,0.001574545504664006,0.0017718379534411826,**
RBAK,2.1773127883519416,2.266538860347099,-0.08922607199515742,5413.0,0.0018595143533422292,0.0020874836610837045,**
BCL11B,1.2156836892339218,1.377122290335398,-0.16143860110147612,5534.0,0.003917004639034707,0.004386669463859013,**
PATZ1,1.171986305798869,1.1277065754289786,0.044279730369890524,8558.0,0.005316512815310859,0.005939740394139166,**
TCF7,3.3910133637068247,3.738057232190057,-0.3470438684832322,5588.0,0.005378404091356109,0.005994545848838432,**
ZNF574,0.6305990796179108,0.6625328268954198,-0.03193374727750897,5689.0,0.009488107962890707,0.010549872425404666,*
NR3C2,1.1668510983899842,1.2096895194693955,-0.04283842107941127,5693.0,0.009697248190285664,0.010756804999675547,*
ZNF160,0.9186761093508652,1.7271583163085125,-0.8084822069576473,5712.0,0.010747818835822131,0.011893913261442974,*
ASH1L,1.6564355137912647,1.6442660332172236,0.012169480574041103,8399.0,0.012814770924738783,0.014147749460645419,*
SATB1,1.865351011160341,1.7837142246099171,0.08163678655042395,8370.0,0.014913866158329127,0.016426357301744583,*
SCML4,0.7985091097752162,0.8367090454175061,-0.03819993564228996,5775.0,0.014991362288089729,0.016472861620089183,*
ZNF202,1.3730863560301374,1.5591073421562227,-0.1860209861260853,5806.0,0.017576392149401314,0.019268016745939937,*
CREB3,2.125077444491959,2.1048362679640737,0.020241176527885152,8318.0,0.019444501558864746,0.021266000533934043,*
BPTF,3.0644937417484197,3.249015770705201,-0.18452202895678127,5834.0,0.020238990598998318,0.02208319768629022,*
ZNF92,0.8154907738542811,0.8011748101871201,0.014315963667161036,8302.0,0.021061656768753198,0.022927258067617116,*
ZNF138,-0.64727401742119,-0.5486944823222155,-0.09857953509897444,5847.0,0.021590489958629014,0.023448276303906394,*
ZNF451,1.4311227647829714,1.5085967516125005,-0.0774739868295291,5903.0,0.028348851682420784,0.030716737205778437,*
ZEB1,1.056573341947403,1.0165351341838758,0.04003820776352729,8164.0,0.040564728525009454,0.04385122273421161,*
MYSM1,3.6447811548138445,3.7951450235305146,-0.15036386871667018,6045.0,0.054105122057102085,0.05835356120246345,ns
ZNF518A,1.0111988628444362,1.058701772104433,-0.047502909259996784,6058.0,0.05722314587572455,0.06157421457134416,ns
ZNF804A,2.240800785883577,2.1583120714659287,0.08248871441764827,8067.0,0.06204790244334821,0.06661234584147957,ns
ZNF549,-0.38181008851103665,-0.3198774691726497,-0.06193261933838695,6106.0,0.07005709148649755,0.07503821496374852,ns
ZNF354C,0.028728205206396247,0.1044430173393891,-0.07571481213299286,6197.0,0.1008388250333851,0.10776139883430398,ns
RFX2,6.192463278285443,5.9606751095140424,0.2317881687714003,7941.0,0.10319813906285596,0.11003089256245145,ns
ZNF506,1.8041779494237713,1.909100174403596,-0.10492222497982473,6324.0,0.16076184195176968,0.17101544462750898,ns
ATF3,1.4536710099482066,1.6771846204198768,-0.22351361047167018,6358.0,0.18066163834246496,0.19174769342257075,ns
CDC5L,1.6090724143808461,1.6099370458421483,-0.0008646314613021122,7781.0,0.18373606587314895,0.1945685776933346,ns
EOMES,0.8229429371460721,0.8664269161929109,-0.04348397904683876,6367.0,0.1862233762484079,0.1967563726425486,ns
ZBTB41,1.5294585111549392,1.5264845723743763,0.002973938780562957,7770.0,0.19063590244755346,0.20096380686909135,ns
ZNF507,-1.1183281353938939,-1.209471605039964,0.09114346964607023,7768.0,0.19191065109071936,0.20185196860217555,ns
CUX1,4.396129731438707,4.236965613121534,0.15916411831717348,7755.0,0.20034960276780345,0.2102545269495825,ns
ADNP,1.7639656856228307,1.7556230004048954,0.008342685217935353,7735.0,0.21385651477568401,0.2239259919287992,ns
DOT1L,2.223260945310459,2.321710739054163,-0.0984497937437041,6423.0,0.22369444043172748,0.2337031402273305,ns
MYPOP,-0.6253809347792443,-0.6057186166793245,-0.019662318099919807,6470.0,0.2590758632915283,0.27006345570791007,ns
ZNF91,-0.5707349023653367,-0.5951286696236537,0.02439376725831699,7537.0,0.3834655390680132,0.39883832237140787,ns
ZNF366,-0.21288564204772742,-0.25063866206617275,0.03775302001844533,7519.0,0.40216786969495555,0.41736087810565387,ns
NME2,-0.190270030723054,-0.2096486108145903,0.019378580091536285,6635.0,0.41279036851926254,0.4274348161829171,ns
ZNF44,0.7010053956328348,0.6897788481603879,0.01122654747244689,7481.0,0.4434041721747265,0.4581189124017639,ns
ZNF639,0.9701165567793817,1.0178468223335728,-0.04773026555419113,6697.0,0.48226507059634827,0.4971695098642266,ns
PHF21A,0.1845053090263597,0.122686399627791,0.0618189093985687,7443.0,0.48695562287980254,0.5008992860900171,ns
E2F4,1.4531922591915492,1.4407846539324418,0.012407605259107335,6748.0,0.5438680049367253,0.558211776495496,ns
ZNF493,-0.13758697343071818,-0.08664982824730799,-0.05093714518341019,6780.0,0.5844244092069086,0.598522366446549,ns
RORA,2.2500880493917297,2.267902306145669,-0.01781425675393944,6787.0,0.5934801866229684,0.6064666239670159,ns
MYBL1,1.3617819735793757,1.3339930022478834,0.027788971331492274,7340.0,0.6157357771190458,0.6278353884598131,ns
KMT2A,0.48470462363080247,0.4801891413785487,0.0045154822522537885,7321.0,0.6410338542483213,0.65220655759034,ns
POU2AF1,0.7195766757587804,0.7749009748445448,-0.05532429908576442,7293.0,0.6790805348506425,0.6894143690766305,ns
ZNF787,1.5447311740323437,1.5084040623346986,0.03632711169764513,6880.0,0.7193660088433148,0.7287286900863948,ns
ZNF14,1.008562034333943,1.01151845609981,-0.002956421765867079,7243.0,0.7490407197812137,0.7571472210775472,ns
VEZF1,2.4155007356976195,2.420515170849332,-0.005014435151712515,7215.0,0.7891851645776812,0.7960031789584818,ns
BACH2,2.1206827019683114,2.1322335494206253,-0.011550847452313828,6941.0,0.8065697918026249,0.8117846826979005,ns
ZBTB37,1.4923577354547555,1.4934084449892855,-0.0010507095345300144,7195.0,0.8182134470546203,0.8217326446763606,ns
ZNF302,1.0285100208745772,1.0278609029309749,0.0006491179436023398,7159.0,0.8710715081712901,0.8710715081712901,ns
ZNF292,1.8333255760393627,1.9718418104391808,-0.13851623439981808,7159.0,0.8710715081712901,0.8710715081712901,ns
