	donor	condition	allele	age	group
Pr83878_NS	Pr83878	NS	Carrier		Carrier_NS
Pr82826_NS	Pr82826	NS	REF		REF_NS
Pr85895_NS	Pr85895	NS	Carrier		Carrier_NS
Pr85894_NS	Pr85894	NS	REF		REF_NS
Pr89862_NS	Pr89862	NS	REF		REF_NS
Pr87811_NS	Pr87811	NS	REF		REF_NS
Pr81850_NS	Pr81850	NS	REF		REF_NS
Pr80797_NS	Pr80797	NS	Carrier		Carrier_NS
Pr84748_NS	Pr84748	NS	Carrier		Carrier_NS
Pr87775_NS	Pr87775	NS	Carrier		Carrier_NS
Pr89774_NS	Pr89774	NS	REF		REF_NS
Pr81753_NS	Pr81753	NS	Carrier		Carrier_NS
Pr84702_NS	Pr84702	NS	Carrier		Carrier_NS
Pr86721_NS	Pr86721	NS	REF		REF_NS
Pr82649_NS	Pr82649	NS	Carrier		Carrier_NS
Pr85668_NS	Pr85668	NS	REF		REF_NS
Pr81607_NS	Pr81607	NS	Carrier		Carrier_NS
Pr80646_NS	Pr80646	NS	REF		REF_NS
Pr82625_NS	Pr82625	NS	REF		REF_NS
Pr88694_NS	Pr88694	NS	REF		REF_NS
Pr81642_NS	Pr81642	NS	REF		REF_NS
Pr82589_NS	Pr82589	NS	REF		REF_NS
Pr82610_NS	Pr82610	NS	REF		REF_NS
Pr85681_NS	Pr85681	NS	REF		REF_NS
Pr81507_NS	Pr81507	NS	Carrier		Carrier_NS
Pr86586_NS	Pr86586	NS	REF		REF_NS
Pr89534_NS	Pr89534	NS	REF		REF_NS
Pr89545_NS	Pr89545	NS	Carrier		Carrier_NS
Pr86563_NS	Pr86563	NS	REF		REF_NS
Pr84571_NS	Pr84571	NS	Carrier		Carrier_NS
Pr88570_NS	Pr88570	NS	Carrier		Carrier_NS
Pr88439_NS	Pr88439	NS	REF		REF_NS
Pr80478_NS	Pr80478	NS	Carrier		Carrier_NS
Pr89487_NS	Pr89487	NS	Carrier		Carrier_NS
Pr87466_NS	Pr87466	NS	REF		REF_NS
Pr86485_NS	Pr86485	NS	REF		REF_NS
Pr86444_NS	Pr86444	NS	Carrier		Carrier_NS
Pr85443_NS	Pr85443	NS	REF		REF_NS
Pr84492_NS	Pr84492	NS	Carrier		Carrier_NS
Pr85411_NS	Pr85411	NS	REF		REF_NS
Pr83410_NS	Pr83410	NS	REF		REF_NS
Pr82318_NS	Pr82318	NS	REF		REF_NS
Pr82369_NS	Pr82369	NS	REF		REF_NS
Pr89367_NS	Pr89367	NS	REF		REF_NS
Pr80326_NS	Pr80326	NS	REF		REF_NS
Pr83395_NS	Pr83395	NS	Carrier		Carrier_NS
Pr81364_NS	Pr81364	NS	REF		REF_NS
Pr88353_NS	Pr88353	NS	Carrier		Carrier_NS
Pr85342_NS	Pr85342	NS	Carrier		Carrier_NS
Pr89371_NS	Pr89371	NS	REF		REF_NS
Pr87370_NS	Pr87370	NS	Carrier		Carrier_NS
Pr82249_NS	Pr82249	NS	Carrier		Carrier_NS
Pr83228_NS	Pr83228	NS	Carrier		Carrier_NS
Pr84266_NS	Pr84266	NS	REF		REF_NS
Pr89295_NS	Pr89295	NS	Carrier		Carrier_NS
Pr88284_NS	Pr88284	NS	REF		REF_NS
Pr89277_NS	Pr89277	NS	Carrier		Carrier_NS
Pr84263_NS	Pr84263	NS	REF		REF_NS
Pr87222_NS	Pr87222	NS	Carrier		Carrier_NS
Pr86231_NS	Pr86231	NS	REF		REF_NS
Pr80290_NS	Pr80290	NS	Carrier		Carrier_NS
Pr83199_NS	Pr83199	NS	Carrier		Carrier_NS
Pr82137_NS	Pr82137	NS	REF		REF_NS
Pr87188_NS	Pr87188	NS	Carrier		Carrier_NS
Pr88196_NS	Pr88196	NS	REF		REF_NS
Pr87185_NS	Pr87185	NS	Carrier		Carrier_NS
Pr88184_NS	Pr88184	NS	Carrier		Carrier_NS
Pr86101_NS	Pr86101	NS	Carrier		Carrier_NS
Pr81193_NS	Pr81193	NS	REF		REF_NS
Pr85088_NS	Pr85088	NS	Carrier		Carrier_NS
Pr81067_NS	Pr81067	NS	REF		REF_NS
Pr89016_NS	Pr89016	NS	REF		REF_NS
Pr87053_NS	Pr87053	NS	Carrier		Carrier_NS
Pr81054_NS	Pr81054	NS	Carrier		Carrier_NS
Pr84075_NS	Pr84075	NS	REF		REF_NS
Pr82160_NS	Pr82160	NS	REF		REF_NS
Pr85022_NS	Pr85022	NS	REF		REF_NS
Pr88099_NS	Pr88099	NS	REF		REF_NS
Pr88001_NS	Pr88001	NS	REF		REF_NS
Pr83090_NS	Pr83090	NS	REF		REF_NS
Pr75999_NS	Pr75999	NS	Carrier		Carrier_NS
Pr70995_NS	Pr70995	NS	REF		REF_NS
Pr79988_NS	Pr79988	NS	REF		REF_NS
Pr72944_NS	Pr72944	NS	REF		REF_NS
Pr79963_NS	Pr79963	NS	Carrier		Carrier_NS
Pr77927_NS	Pr77927	NS	Carrier		Carrier_NS
Pr72922_NS	Pr72922	NS	REF		REF_NS
Pr77996_NS	Pr77996	NS	REF		REF_NS
Pr70931_NS	Pr70931	NS	Carrier		Carrier_NS
Pr76849_NS	Pr76849	NS	Carrier		Carrier_NS
Pr73910_NS	Pr73910	NS	Carrier		Carrier_NS
Pr74808_NS	Pr74808	NS	Carrier		Carrier_NS
Pr79867_NS	Pr79867	NS	REF		REF_NS
Pr74816_NS	Pr74816	NS	Carrier		Carrier_NS
Pr78865_NS	Pr78865	NS	REF		REF_NS
Pr79894_NS	Pr79894	NS	REF		REF_NS
Pr77843_NS	Pr77843	NS	REF		REF_NS
Pr75882_NS	Pr75882	NS	Carrier		Carrier_NS
Pr79831_NS	Pr79831	NS	Carrier		Carrier_NS
Pr73890_NS	Pr73890	NS	REF		REF_NS
Pr79789_NS	Pr79789	NS	Carrier		Carrier_NS
Pr76768_NS	Pr76768	NS	REF		REF_NS
Pr79707_NS	Pr79707	NS	REF		REF_NS
Pr72746_NS	Pr72746	NS	Carrier		Carrier_NS
Pr73762_NS	Pr73762	NS	Carrier		Carrier_NS
Pr73793_NS	Pr73793	NS	Carrier		Carrier_NS
Pr75725_NS	Pr75725	NS	REF		REF_NS
Pr72754_NS	Pr72754	NS	Carrier		Carrier_NS
Pr71679_NS	Pr71679	NS	Carrier		Carrier_NS
Pr75720_NS	Pr75720	NS	REF		REF_NS
Pr78761_NS	Pr78761	NS	REF		REF_NS
Pr75608_NS	Pr75608	NS	REF		REF_NS
Pr72647_NS	Pr72647	NS	REF		REF_NS
Pr79665_NS	Pr79665	NS	REF		REF_NS
Pr70624_NS	Pr70624	NS	Carrier		Carrier_NS
Pr70693_NS	Pr70693	NS	REF		REF_NS
Pr79676_NS	Pr79676	NS	REF		REF_NS
Pr70632_NS	Pr70632	NS	REF		REF_NS
Pr78671_NS	Pr78671	NS	REF		REF_NS
Pr78600_NS	Pr78600	NS	REF		REF_NS
Pr70579_NS	Pr70579	NS	Carrier		Carrier_NS
Pr73538_NS	Pr73538	NS	REF		REF_NS
Pr78567_NS	Pr78567	NS	REF		REF_NS
Pr76505_NS	Pr76505	NS	REF		REF_NS
Pr73586_NS	Pr73586	NS	REF		REF_NS
Pr71594_NS	Pr71594	NS	REF		REF_NS
Pr78573_NS	Pr78573	NS	REF		REF_NS
Pr75562_NS	Pr75562	NS	Carrier		Carrier_NS
Pr72511_NS	Pr72511	NS	Carrier		Carrier_NS
Pr78500_NS	Pr78500	NS	Carrier		Carrier_NS
Pr71469_NS	Pr71469	NS	Carrier		Carrier_NS
Pr76438_NS	Pr76438	NS	Carrier		Carrier_NS
Pr77457_NS	Pr77457	NS	REF		REF_NS
Pr72446_NS	Pr72446	NS	REF		REF_NS
Pr72405_NS	Pr72405	NS	REF		REF_NS
Pr78493_NS	Pr78493	NS	Carrier		Carrier_NS
Pr79412_NS	Pr79412	NS	Carrier		Carrier_NS
Pr56595_NS	Pr56595	NS	REF		REF_NS
Pr50577_NS	Pr50577	NS	Carrier		Carrier_NS
Pr51509_NS	Pr51509	NS	Carrier		Carrier_NS
Pr51558_NS	Pr51558	NS	REF		REF_NS
Pr52562_NS	Pr52562	NS	Carrier		Carrier_NS
Pr58293_NS	Pr58293	NS	Carrier		Carrier_NS
Pr57368_NS	Pr57368	NS	REF		REF_NS
Pr53347_NS	Pr53347	NS	Carrier		Carrier_NS
Pr58339_NS	Pr58339	NS	Carrier		Carrier_NS
Pr54142_NS	Pr54142	NS	Carrier		Carrier_NS
Pr54126_NS	Pr54126	NS	REF		REF_NS
Pr54165_NS	Pr54165	NS	REF		REF_NS
Pr53190_NS	Pr53190	NS	REF		REF_NS
Pr53099_NS	Pr53099	NS	REF		REF_NS
Pr59038_NS	Pr59038	NS	Carrier		Carrier_NS
Pr41972_NS	Pr41972	NS	Carrier		Carrier_NS
Pr59015_NS	Pr59015	NS	Carrier		Carrier_NS
Pr59051_NS	Pr59051	NS	REF		REF_NS
Pr45998_NS	Pr45998	NS	Carrier		Carrier_NS
Pr46984_NS	Pr46984	NS	REF		REF_NS
Pr40920_NS	Pr40920	NS	REF		REF_NS
Pr49842_NS	Pr49842	NS	REF		REF_NS
Pr41724_NS	Pr41724	NS	Carrier		Carrier_NS
Pr46765_NS	Pr46765	NS	REF		REF_NS
Pr40716_NS	Pr40716	NS	Carrier		Carrier_NS
Pr41707_NS	Pr41707	NS	REF		REF_NS
Pr44761_NS	Pr44761	NS	Carrier		Carrier_NS
Pr45792_NS	Pr45792	NS	Carrier		Carrier_NS
Pr43700_NS	Pr43700	NS	Carrier		Carrier_NS
Pr44605_NS	Pr44605	NS	REF		REF_NS
Pr42666_NS	Pr42666	NS	REF		REF_NS
Pr49537_NS	Pr49537	NS	Carrier		Carrier_NS
Pr43500_NS	Pr43500	NS	Carrier		Carrier_NS
Pr47565_NS	Pr47565	NS	Carrier		Carrier_NS
Pr44407_NS	Pr44407	NS	Carrier		Carrier_NS
Pr45478_NS	Pr45478	NS	Carrier		Carrier_NS
Pr45561_NS	Pr45561	NS	Carrier		Carrier_NS
Pr44542_NS	Pr44542	NS	Carrier		Carrier_NS
Pr42327_NS	Pr42327	NS	Carrier		Carrier_NS
Pr40354_NS	Pr40354	NS	REF		REF_NS
Pr43299_NS	Pr43299	NS	REF		REF_NS
Pr47296_NS	Pr47296	NS	REF		REF_NS
Pr48227_NS	Pr48227	NS	REF		REF_NS
Pr47043_NS	Pr47043	NS	REF		REF_NS
Pr43163_NS	Pr43163	NS	Carrier		Carrier_NS
Pr42255_NS	Pr42255	NS	REF		REF_NS
Pr46274_NS	Pr46274	NS	REF		REF_NS
Pr33812_NS	Pr33812	NS	Carrier		Carrier_NS
Pr36782_NS	Pr36782	NS	REF		REF_NS
Pr35619_NS	Pr35619	NS	REF		REF_NS
Pr31447_NS	Pr31447	NS	REF		REF_NS
Pr35390_NS	Pr35390	NS	REF		REF_NS
Pr30311_NS	Pr30311	NS	REF		REF_NS
Pr32108_NS	Pr32108	NS	Carrier		Carrier_NS
Pr37187_NS	Pr37187	NS	Carrier		Carrier_NS
Pr31046_NS	Pr31046	NS	Carrier		Carrier_NS
Pr33021_NS	Pr33021	NS	Carrier		Carrier_NS
Pr83878_LPS	Pr83878	LPS	Carrier		Carrier_LPS
Pr82826_LPS	Pr82826	LPS	REF		REF_LPS
Pr85895_LPS	Pr85895	LPS	Carrier		Carrier_LPS
Pr85894_LPS	Pr85894	LPS	REF		REF_LPS
Pr89862_LPS	Pr89862	LPS	REF		REF_LPS
Pr87811_LPS	Pr87811	LPS	REF		REF_LPS
Pr81850_LPS	Pr81850	LPS	REF		REF_LPS
Pr80797_LPS	Pr80797	LPS	Carrier		Carrier_LPS
Pr84748_LPS	Pr84748	LPS	Carrier		Carrier_LPS
Pr87775_LPS	Pr87775	LPS	Carrier		Carrier_LPS
Pr89774_LPS	Pr89774	LPS	REF		REF_LPS
Pr81753_LPS	Pr81753	LPS	Carrier		Carrier_LPS
Pr84702_LPS	Pr84702	LPS	Carrier		Carrier_LPS
Pr86721_LPS	Pr86721	LPS	REF		REF_LPS
Pr82649_LPS	Pr82649	LPS	Carrier		Carrier_LPS
Pr85668_LPS	Pr85668	LPS	REF		REF_LPS
Pr81607_LPS	Pr81607	LPS	Carrier		Carrier_LPS
Pr80646_LPS	Pr80646	LPS	REF		REF_LPS
Pr82625_LPS	Pr82625	LPS	REF		REF_LPS
Pr88694_LPS	Pr88694	LPS	REF		REF_LPS
Pr81642_LPS	Pr81642	LPS	REF		REF_LPS
Pr82589_LPS	Pr82589	LPS	REF		REF_LPS
Pr82610_LPS	Pr82610	LPS	REF		REF_LPS
Pr85681_LPS	Pr85681	LPS	REF		REF_LPS
Pr81507_LPS	Pr81507	LPS	Carrier		Carrier_LPS
Pr86586_LPS	Pr86586	LPS	REF		REF_LPS
Pr89534_LPS	Pr89534	LPS	REF		REF_LPS
Pr89545_LPS	Pr89545	LPS	Carrier		Carrier_LPS
Pr86563_LPS	Pr86563	LPS	REF		REF_LPS
Pr84571_LPS	Pr84571	LPS	Carrier		Carrier_LPS
Pr88570_LPS	Pr88570	LPS	Carrier		Carrier_LPS
Pr88439_LPS	Pr88439	LPS	REF		REF_LPS
Pr80478_LPS	Pr80478	LPS	Carrier		Carrier_LPS
Pr89487_LPS	Pr89487	LPS	Carrier		Carrier_LPS
Pr87466_LPS	Pr87466	LPS	REF		REF_LPS
Pr86485_LPS	Pr86485	LPS	REF		REF_LPS
Pr86444_LPS	Pr86444	LPS	Carrier		Carrier_LPS
Pr85443_LPS	Pr85443	LPS	REF		REF_LPS
Pr84492_LPS	Pr84492	LPS	Carrier		Carrier_LPS
Pr85411_LPS	Pr85411	LPS	REF		REF_LPS
Pr83410_LPS	Pr83410	LPS	REF		REF_LPS
Pr82318_LPS	Pr82318	LPS	REF		REF_LPS
Pr82369_LPS	Pr82369	LPS	REF		REF_LPS
Pr89367_LPS	Pr89367	LPS	REF		REF_LPS
Pr80326_LPS	Pr80326	LPS	REF		REF_LPS
Pr83395_LPS	Pr83395	LPS	Carrier		Carrier_LPS
Pr81364_LPS	Pr81364	LPS	REF		REF_LPS
Pr88353_LPS	Pr88353	LPS	Carrier		Carrier_LPS
Pr85342_LPS	Pr85342	LPS	Carrier		Carrier_LPS
Pr89371_LPS	Pr89371	LPS	REF		REF_LPS
Pr87370_LPS	Pr87370	LPS	Carrier		Carrier_LPS
Pr82249_LPS	Pr82249	LPS	Carrier		Carrier_LPS
Pr83228_LPS	Pr83228	LPS	Carrier		Carrier_LPS
Pr84266_LPS	Pr84266	LPS	REF		REF_LPS
Pr89295_LPS	Pr89295	LPS	Carrier		Carrier_LPS
Pr88284_LPS	Pr88284	LPS	REF		REF_LPS
Pr89277_LPS	Pr89277	LPS	Carrier		Carrier_LPS
Pr84263_LPS	Pr84263	LPS	REF		REF_LPS
Pr87222_LPS	Pr87222	LPS	Carrier		Carrier_LPS
Pr86231_LPS	Pr86231	LPS	REF		REF_LPS
Pr80290_LPS	Pr80290	LPS	Carrier		Carrier_LPS
Pr83199_LPS	Pr83199	LPS	Carrier		Carrier_LPS
Pr82137_LPS	Pr82137	LPS	REF		REF_LPS
Pr87188_LPS	Pr87188	LPS	Carrier		Carrier_LPS
Pr88196_LPS	Pr88196	LPS	REF		REF_LPS
Pr87185_LPS	Pr87185	LPS	Carrier		Carrier_LPS
Pr88184_LPS	Pr88184	LPS	Carrier		Carrier_LPS
Pr86101_LPS	Pr86101	LPS	Carrier		Carrier_LPS
Pr81193_LPS	Pr81193	LPS	REF		REF_LPS
Pr85088_LPS	Pr85088	LPS	Carrier		Carrier_LPS
Pr81067_LPS	Pr81067	LPS	REF		REF_LPS
Pr89016_LPS	Pr89016	LPS	REF		REF_LPS
Pr87053_LPS	Pr87053	LPS	Carrier		Carrier_LPS
Pr81054_LPS	Pr81054	LPS	Carrier		Carrier_LPS
Pr84075_LPS	Pr84075	LPS	REF		REF_LPS
Pr82160_LPS	Pr82160	LPS	REF		REF_LPS
Pr85022_LPS	Pr85022	LPS	REF		REF_LPS
Pr88099_LPS	Pr88099	LPS	REF		REF_LPS
Pr88001_LPS	Pr88001	LPS	REF		REF_LPS
Pr83090_LPS	Pr83090	LPS	REF		REF_LPS
Pr75999_LPS	Pr75999	LPS	Carrier		Carrier_LPS
Pr70995_LPS	Pr70995	LPS	REF		REF_LPS
Pr79988_LPS	Pr79988	LPS	REF		REF_LPS
Pr72944_LPS	Pr72944	LPS	REF		REF_LPS
Pr79963_LPS	Pr79963	LPS	Carrier		Carrier_LPS
Pr77927_LPS	Pr77927	LPS	Carrier		Carrier_LPS
Pr72922_LPS	Pr72922	LPS	REF		REF_LPS
Pr77996_LPS	Pr77996	LPS	REF		REF_LPS
Pr70931_LPS	Pr70931	LPS	Carrier		Carrier_LPS
Pr76849_LPS	Pr76849	LPS	Carrier		Carrier_LPS
Pr73910_LPS	Pr73910	LPS	Carrier		Carrier_LPS
Pr74808_LPS	Pr74808	LPS	Carrier		Carrier_LPS
Pr79867_LPS	Pr79867	LPS	REF		REF_LPS
Pr74816_LPS	Pr74816	LPS	Carrier		Carrier_LPS
Pr78865_LPS	Pr78865	LPS	REF		REF_LPS
Pr79894_LPS	Pr79894	LPS	REF		REF_LPS
Pr77843_LPS	Pr77843	LPS	REF		REF_LPS
Pr75882_LPS	Pr75882	LPS	Carrier		Carrier_LPS
Pr79831_LPS	Pr79831	LPS	Carrier		Carrier_LPS
Pr73890_LPS	Pr73890	LPS	REF		REF_LPS
Pr79789_LPS	Pr79789	LPS	Carrier		Carrier_LPS
Pr76768_LPS	Pr76768	LPS	REF		REF_LPS
Pr79707_LPS	Pr79707	LPS	REF		REF_LPS
Pr72746_LPS	Pr72746	LPS	Carrier		Carrier_LPS
Pr73762_LPS	Pr73762	LPS	Carrier		Carrier_LPS
Pr73793_LPS	Pr73793	LPS	Carrier		Carrier_LPS
Pr75725_LPS	Pr75725	LPS	REF		REF_LPS
Pr72754_LPS	Pr72754	LPS	Carrier		Carrier_LPS
Pr71679_LPS	Pr71679	LPS	Carrier		Carrier_LPS
Pr75720_LPS	Pr75720	LPS	REF		REF_LPS
Pr78761_LPS	Pr78761	LPS	REF		REF_LPS
Pr75608_LPS	Pr75608	LPS	REF		REF_LPS
Pr72647_LPS	Pr72647	LPS	REF		REF_LPS
Pr79665_LPS	Pr79665	LPS	REF		REF_LPS
Pr70624_LPS	Pr70624	LPS	Carrier		Carrier_LPS
Pr70693_LPS	Pr70693	LPS	REF		REF_LPS
Pr79676_LPS	Pr79676	LPS	REF		REF_LPS
Pr70632_LPS	Pr70632	LPS	REF		REF_LPS
Pr78671_LPS	Pr78671	LPS	REF		REF_LPS
Pr78600_LPS	Pr78600	LPS	REF		REF_LPS
Pr70579_LPS	Pr70579	LPS	Carrier		Carrier_LPS
Pr73538_LPS	Pr73538	LPS	REF		REF_LPS
Pr78567_LPS	Pr78567	LPS	REF		REF_LPS
Pr76505_LPS	Pr76505	LPS	REF		REF_LPS
Pr73586_LPS	Pr73586	LPS	REF		REF_LPS
Pr71594_LPS	Pr71594	LPS	REF		REF_LPS
Pr78573_LPS	Pr78573	LPS	REF		REF_LPS
Pr75562_LPS	Pr75562	LPS	Carrier		Carrier_LPS
Pr72511_LPS	Pr72511	LPS	Carrier		Carrier_LPS
Pr78500_LPS	Pr78500	LPS	Carrier		Carrier_LPS
Pr71469_LPS	Pr71469	LPS	Carrier		Carrier_LPS
Pr76438_LPS	Pr76438	LPS	Carrier		Carrier_LPS
Pr77457_LPS	Pr77457	LPS	REF		REF_LPS
Pr72446_LPS	Pr72446	LPS	REF		REF_LPS
Pr72405_LPS	Pr72405	LPS	REF		REF_LPS
Pr78493_LPS	Pr78493	LPS	Carrier		Carrier_LPS
Pr79412_LPS	Pr79412	LPS	Carrier		Carrier_LPS
Pr75137_LPS	Pr75137	LPS	Carrier		Carrier_LPS
Pr79136_LPS	Pr79136	LPS	REF		REF_LPS
Pr74124_LPS	Pr74124	LPS	Carrier		Carrier_LPS
Pr70165_LPS	Pr70165	LPS	REF		REF_LPS
Pr56595_LPS	Pr56595	LPS	REF		REF_LPS
Pr50577_LPS	Pr50577	LPS	Carrier		Carrier_LPS
Pr58506_LPS	Pr58506	LPS	REF		REF_LPS
Pr55524_LPS	Pr55524	LPS	Carrier		Carrier_LPS
Pr51509_LPS	Pr51509	LPS	Carrier		Carrier_LPS
Pr51558_LPS	Pr51558	LPS	REF		REF_LPS
Pr52562_LPS	Pr52562	LPS	Carrier		Carrier_LPS
Pr50511_LPS	Pr50511	LPS	Carrier		Carrier_LPS
Pr57593_LPS	Pr57593	LPS	REF		REF_LPS
Pr58293_LPS	Pr58293	LPS	Carrier		Carrier_LPS
Pr57368_LPS	Pr57368	LPS	REF		REF_LPS
Pr56376_LPS	Pr56376	LPS	REF		REF_LPS
Pr51432_LPS	Pr51432	LPS	REF		REF_LPS
Pr53347_LPS	Pr53347	LPS	Carrier		Carrier_LPS
Pr58339_LPS	Pr58339	LPS	Carrier		Carrier_LPS
Pr58491_LPS	Pr58491	LPS	Carrier		Carrier_LPS
Pr51205_LPS	Pr51205	LPS	REF		REF_LPS
Pr53286_LPS	Pr53286	LPS	Carrier		Carrier_LPS
Pr57214_LPS	Pr57214	LPS	REF		REF_LPS
Pr54142_LPS	Pr54142	LPS	Carrier		Carrier_LPS
Pr54126_LPS	Pr54126	LPS	REF		REF_LPS
Pr54165_LPS	Pr54165	LPS	REF		REF_LPS
Pr52143_LPS	Pr52143	LPS	REF		REF_LPS
Pr57164_LPS	Pr57164	LPS	REF		REF_LPS
Pr55101_LPS	Pr55101	LPS	REF		REF_LPS
Pr53190_LPS	Pr53190	LPS	REF		REF_LPS
Pr53099_LPS	Pr53099	LPS	REF		REF_LPS
Pr59038_LPS	Pr59038	LPS	Carrier		Carrier_LPS
Pr44993_LPS	Pr44993	LPS	REF		REF_LPS
Pr41972_LPS	Pr41972	LPS	Carrier		Carrier_LPS
Pr55044_LPS	Pr55044	LPS	Carrier		Carrier_LPS
Pr59015_LPS	Pr59015	LPS	Carrier		Carrier_LPS
Pr51043_LPS	Pr51043	LPS	REF		REF_LPS
Pr50072_LPS	Pr50072	LPS	REF		REF_LPS
Pr59051_LPS	Pr59051	LPS	REF		REF_LPS
Pr54010_LPS	Pr54010	LPS	Carrier		Carrier_LPS
Pr40909_LPS	Pr40909	LPS	Carrier		Carrier_LPS
Pr45985_LPS	Pr45985	LPS	REF		REF_LPS
Pr45998_LPS	Pr45998	LPS	Carrier		Carrier_LPS
Pr46984_LPS	Pr46984	LPS	REF		REF_LPS
Pr43971_LPS	Pr43971	LPS	Carrier		Carrier_LPS
Pr40920_LPS	Pr40920	LPS	REF		REF_LPS
Pr48864_LPS	Pr48864	LPS	Carrier		Carrier_LPS
Pr47883_LPS	Pr47883	LPS	Carrier		Carrier_LPS
Pr49842_LPS	Pr49842	LPS	REF		REF_LPS
Pr41871_LPS	Pr41871	LPS	Carrier		Carrier_LPS
Pr41724_LPS	Pr41724	LPS	Carrier		Carrier_LPS
Pr46765_LPS	Pr46765	LPS	REF		REF_LPS
Pr40716_LPS	Pr40716	LPS	Carrier		Carrier_LPS
Pr41707_LPS	Pr41707	LPS	REF		REF_LPS
Pr44761_LPS	Pr44761	LPS	Carrier		Carrier_LPS
Pr45792_LPS	Pr45792	LPS	Carrier		Carrier_LPS
Pr44783_LPS	Pr44783	LPS	REF		REF_LPS
Pr44679_LPS	Pr44679	LPS	REF		REF_LPS
Pr43700_LPS	Pr43700	LPS	Carrier		Carrier_LPS
Pr45618_LPS	Pr45618	LPS	Carrier		Carrier_LPS
Pr44605_LPS	Pr44605	LPS	REF		REF_LPS
Pr49697_LPS	Pr49697	LPS	REF		REF_LPS
Pr42666_LPS	Pr42666	LPS	REF		REF_LPS
Pr47589_LPS	Pr47589	LPS	REF		REF_LPS
Pr42819_LPS	Pr42819	LPS	Carrier		Carrier_LPS
Pr40596_LPS	Pr40596	LPS	Carrier		Carrier_LPS
Pr49537_LPS	Pr49537	LPS	Carrier		Carrier_LPS
Pr43500_LPS	Pr43500	LPS	Carrier		Carrier_LPS
Pr47564_LPS	Pr47564	LPS	Carrier		Carrier_LPS
Pr47565_LPS	Pr47565	LPS	Carrier		Carrier_LPS
Pr48499_LPS	Pr48499	LPS	Carrier		Carrier_LPS
Pr44407_LPS	Pr44407	LPS	Carrier		Carrier_LPS
Pr47573_LPS	Pr47573	LPS	Carrier		Carrier_LPS
Pr45478_LPS	Pr45478	LPS	Carrier		Carrier_LPS
Pr45561_LPS	Pr45561	LPS	Carrier		Carrier_LPS
Pr45496_LPS	Pr45496	LPS	Carrier		Carrier_LPS
Pr44542_LPS	Pr44542	LPS	Carrier		Carrier_LPS
Pr49353_LPS	Pr49353	LPS	Carrier		Carrier_LPS
Pr43471_LPS	Pr43471	LPS	REF		REF_LPS
Pr42327_LPS	Pr42327	LPS	Carrier		Carrier_LPS
Pr46308_LPS	Pr46308	LPS	Carrier		Carrier_LPS
Pr40349_LPS	Pr40349	LPS	Carrier		Carrier_LPS
Pr44315_LPS	Pr44315	LPS	REF		REF_LPS
Pr40354_LPS	Pr40354	LPS	REF		REF_LPS
Pr40356_LPS	Pr40356	LPS	REF		REF_LPS
Pr43299_LPS	Pr43299	LPS	REF		REF_LPS
Pr47296_LPS	Pr47296	LPS	REF		REF_LPS
Pr48227_LPS	Pr48227	LPS	REF		REF_LPS
Pr43238_LPS	Pr43238	LPS	Carrier		Carrier_LPS
Pr47055_LPS	Pr47055	LPS	REF		REF_LPS
Pr20472_LPS	Pr20472	LPS	REF		REF_LPS
Pr47043_LPS	Pr47043	LPS	REF		REF_LPS
Pr45026_LPS	Pr45026	LPS	Carrier		Carrier_LPS
Pr42142_LPS	Pr42142	LPS	REF		REF_LPS
Pr43163_LPS	Pr43163	LPS	Carrier		Carrier_LPS
Pr45223_LPS	Pr45223	LPS	Carrier		Carrier_LPS
Pr42255_LPS	Pr42255	LPS	REF		REF_LPS
Pr46274_LPS	Pr46274	LPS	REF		REF_LPS
Pr38871_LPS	Pr38871	LPS	Carrier		Carrier_LPS
Pr33812_LPS	Pr33812	LPS	Carrier		Carrier_LPS
Pr38860_LPS	Pr38860	LPS	REF		REF_LPS
Pr31701_LPS	Pr31701	LPS	REF		REF_LPS
Pr39700_LPS	Pr39700	LPS	Carrier		Carrier_LPS
Pr35619_LPS	Pr35619	LPS	REF		REF_LPS
Pr38425_LPS	Pr38425	LPS	Carrier		Carrier_LPS
Pr31447_LPS	Pr31447	LPS	REF		REF_LPS
Pr30448_LPS	Pr30448	LPS	REF		REF_LPS
Pr32456_LPS	Pr32456	LPS	Carrier		Carrier_LPS
Pr33573_LPS	Pr33573	LPS	Carrier		Carrier_LPS
Pr37544_LPS	Pr37544	LPS	Carrier		Carrier_LPS
Pr33308_LPS	Pr33308	LPS	REF		REF_LPS
Pr36315_LPS	Pr36315	LPS	REF		REF_LPS
Pr35299_LPS	Pr35299	LPS	Carrier		Carrier_LPS
Pr35390_LPS	Pr35390	LPS	REF		REF_LPS
Pr30311_LPS	Pr30311	LPS	REF		REF_LPS
Pr34149_LPS	Pr34149	LPS	REF		REF_LPS
Pr32108_LPS	Pr32108	LPS	Carrier		Carrier_LPS
Pr37187_LPS	Pr37187	LPS	Carrier		Carrier_LPS
Pr32194_LPS	Pr32194	LPS	Carrier		Carrier_LPS
Pr31046_LPS	Pr31046	LPS	Carrier		Carrier_LPS
Pr39027_LPS	Pr39027	LPS	Carrier		Carrier_LPS
Pr32060_LPS	Pr32060	LPS	REF		REF_LPS
Pr39023_LPS	Pr39023	LPS	REF		REF_LPS
Pr30012_LPS	Pr30012	LPS	Carrier		Carrier_LPS
Pr33021_LPS	Pr33021	LPS	Carrier		Carrier_LPS
