DATE ADDED TO CATALOG,PUBMEDID,FIRST AUTHOR,DATE,JOURNAL,LINK,STUDY,DISEASE/TRAIT,INITIAL SAMPLE SIZE,REPLICATION SAMPLE SIZE,REGION,CHR_ID,CHR_POS,REPORTED GENE(S),MAPPED_GENE,UPSTREAM_GENE_ID,DOWNSTREAM_GENE_ID,SNP_GENE_IDS,UPSTREAM_GENE_DISTANCE,DOWNSTREAM_GENE_DISTANCE,STRONGEST SNP-RISK ALLELE,SNPS,MERGED,SNP_ID_CURRENT,CONTEXT,INTERGENIC,RISK ALLELE FREQUENCY,P-VALUE,PVALUE_MLOG,P-VALUE (TEXT),OR or BETA,95% CI (TEXT),PLATFORM [SNPS PASSING QC],CNV,dist_to_snp,abs_dist,category
2024-03-28,37500982,He D,2023-07-27,Osteoporos Int,www.ncbi.nlm.nih.gov/pubmed/37500982,A longitudinal genome-wide association study of bone mineral density mean and variability in the UK Biobank.,bone mineral density mean,"5,862 South Asian ancestry individuals",,17q12,17,34043667.0,,ASIC2,,,ENSG00000108684,,,rs138966489-?,rs138966489,0,138966489.0,intron_variant,0.0,NR,5e-11,10.30102999566398,,,,NR [NR] (imputed),N,-205283,205283,Anthropometric / ratio
2017-07-11,28441456,Lee MK,2017-04-25,PLoS One,www.ncbi.nlm.nih.gov/pubmed/28441456,Genome-wide association study of facial morphology reveals novel associations with FREM1 and PARK2.,"facial morphology (factor 4, facial height related to vertical position of gnathion)","2,187 European ancestry individuals",,17q12,17,34665500.0,NR,TMEM132E - CCT6B,ENSG00000181291,ENSG00000132141,,26182.0,262359.0,rs76643455-T,rs76643455,0,76643455,regulatory_region_variant,1.0,0.05961,3e-06,5.522878745280337,,0.301,[0.18-0.43] unit decrease,Illumina [10677593] (imputed),N,416550,416550,Anthropometric / ratio
2020-09-18,32888494,Vuckovic D,2020-09-01,Cell,www.ncbi.nlm.nih.gov/pubmed/32888494,The Polygenic and Monogenic Basis of Blood Traits and Diseases.,monocyte percentage of white cells,"408,112 British individuals",,17q12,17,34208441.0,,LINC01989 - CCL2,ENSG00000261156,ENSG00000108691,,12504.0,46833.0,rs7218453-T,rs7218453,0,7218453.0,regulatory_region_variant,1.0,0.220609,3e-25,24.522878745280337,,0.027898569,[0.023-0.033] unit decrease,Affymetrix [93095623] (imputed),N,-40509,40509,Blood cell traits
2020-09-21,32888493,Chen MH,2020-09-01,Cell,www.ncbi.nlm.nih.gov/pubmed/32888493,"Trans-ethnic and Ancestry-Specific Blood-Cell Genetics in 746,667 Individuals from 5 Global Populations.",monocyte count,"521,594 European ancestry individuals",,17q12,17,34192839.0,NR,LINC01989,,,ENSG00000261156,,,rs9911144-C,rs9911144,0,9911144.0,intron_variant,0.0,0.220841,1.0000000000000001e-24,24.0,,0.023122,[0.019-0.028] SD unit decrease,"Affymetrix, Illumina [50262088] (imputed)",N,-56111,56111,Blood cell traits
2020-09-21,32888493,Chen MH,2020-09-01,Cell,www.ncbi.nlm.nih.gov/pubmed/32888493,"Trans-ethnic and Ancestry-Specific Blood-Cell Genetics in 746,667 Individuals from 5 Global Populations.",monocyte count,"639,696 African American or Afro-Caribbean, African ancestry, European ancestry, East Asian ancestry, Hispanic or Latin American and South Asian ancestry individuals",,17q12,17,34214325.0,NR,LINC01989 - CCL2,ENSG00000261156,ENSG00000108691,,18388.0,40949.0,rs9909465-T,rs9909465,0,9909465.0,intergenic_variant,1.0,0.203913,9e-24,23.045757490560675,,,,"Affymetrix, Illumina [23467995] (imputed)",N,-34625,34625,Blood cell traits
2020-09-18,32888494,Vuckovic D,2020-09-01,Cell,www.ncbi.nlm.nih.gov/pubmed/32888494,The Polygenic and Monogenic Basis of Blood Traits and Diseases.,monocyte count,"408,112 British individuals",,17q12,17,34192839.0,RP11-215E13.1,LINC01989,,,ENSG00000261156,,,rs9911144-C,rs9911144,0,9911144.0,intron_variant,0.0,0.221509,5e-19,18.30102999566398,,0.023760812,[0.019-0.029] unit decrease,Affymetrix [93095623] (imputed),N,-56111,56111,Blood cell traits
2021-12-14,34594039,Sakaue S,2021-09-30,Nat Genet,www.ncbi.nlm.nih.gov/pubmed/34594039,A cross-population atlas of genetic associations for 220 human phenotypes.,monocyte count,"349,856 European ancestry individuals, 95,119 East Asian ancestry individuals",,17q12,17,34202261.0,,LINC01989 - CCL2,ENSG00000261156,ENSG00000108691,,6324.0,53013.0,rs9891243-G,rs9891243,0,9891243.0,regulatory_region_variant,1.0,NR,3e-14,13.522878745280336,,0.0193,[0.014-0.024] unit decrease,"Affymetrix, Illumina [20531031] (imputed)",N,-46689,46689,Blood cell traits
2017-08-30,27863252,Astle WJ,2016-11-17,Cell,www.ncbi.nlm.nih.gov/pubmed/27863252,The Allelic Landscape of Human Blood Cell Trait Variation and Links to Common Complex Disease.,monocyte percentage of white cells,"170,494 European ancestry individuals",,17q12,17,34219137.0,intergenic,LINC01989 - CCL2,ENSG00000261156,ENSG00000108691,,23200.0,36137.0,rs9906695-T,rs9906695,0,9906695.0,regulatory_region_variant,1.0,0.2221,3e-11,10.522878745280336,,0.02865212,[0.02-0.037] unit decrease,Affymetrix [~ 2500000] (imputed),N,-29813,29813,Blood cell traits
2017-08-30,27863252,Astle WJ,2016-11-17,Cell,www.ncbi.nlm.nih.gov/pubmed/27863252,The Allelic Landscape of Human Blood Cell Trait Variation and Links to Common Complex Disease.,granulocyte percentage of myeloid white cells,"169,545 European ancestry individuals",,17q12,17,34214325.0,intergenic,LINC01989 - CCL2,ENSG00000261156,ENSG00000108691,,18388.0,40949.0,rs9909465-T,rs9909465,0,9909465.0,intergenic_variant,1.0,0.2218,1e-09,9.0,,0.02632171,[0.018-0.035] unit increase,Affymetrix [~ 2500000] (imputed),N,-34625,34625,Blood cell traits
2021-07-28,33491795,Timmer T,2021-01-25,Vox Sang,www.ncbi.nlm.nih.gov/pubmed/33491795,"Genetic determinants of ferritin, haemoglobin levels and haemoglobin trajectories: results from Donor InSight.",hemoglobin levels,"2,649 European ancestry individuals",,17q12,17,34576519.0,C17orf102,TMEM132E-DT,,,ENSG00000197322,,,rs4795936-G,rs4795936,0,4795936.0,non_coding_transcript_exon_variant,0.0,0.094,4e-06,5.3979400086720375,,0.13,[0.19-0.08] unit decrease,Affymetrix [7435577] (imputed),N,327569,327569,Blood cell traits
2014-04-02,24080446,Rudolph A,2013-11-04,Endocr Relat Cancer,www.ncbi.nlm.nih.gov/pubmed/24080446,Genetic modifiers of menopausal hormone replacement therapy and breast cancer risk: a genome-wide interaction study.,lobular breast cancer (menopausal hormone therapy interaction),541 European ancestry cases,"676 European ancestry cases, 9,266 European ancestry controls",17q12,17,34662519.0,TMEM132E,TMEM132E - CCT6B,ENSG00000181291,ENSG00000132141,,23201.0,265340.0,rs11654964-?,rs11654964,0,11654964,intergenic_variant,1.0,NR,3e-06,5.522878745280337,,1.67,[1.35-2.06],Illumina [2500000] (imputed),N,413569,413569,Cancer
2021-07-01,33201861,Lahm H,2020-11-17,J Clin Invest,www.ncbi.nlm.nih.gov/pubmed/33201861,Congenital heart disease risk loci identified by genome-wide association study in European patients.,congenital heart disease (septal defects),"1,074 European ancestry cases, 8,486 European ancestry controls",,17q12,17,33959545.0,ASIC2,ASIC2,,,ENSG00000108684,,,rs138741144-?,rs138741144,0,138741144.0,intron_variant,0.0,NR,7e-08,7.154901959985743,,2.46,[1.77-3.42],"Affymetrix, Illumina [9216527] (imputed)",N,-289405,289405,Cardiovascular
2016-10-07,26718567,Williams SR,2015-12-30,Neurology,www.ncbi.nlm.nih.gov/pubmed/26718567,Shared genetic susceptibility of vascular-related biomarkers with ischemic and recurrent stroke.,creatinine levels in ischemic stroke,"1,725 European ancestry cases, 258 African ancestry cases, 117 cases",,17q12,17,34553863.0,NR,CCL1 - TMEM132E-DT,ENSG00000108702,ENSG00000197322,,190630.0,20260.0,rs34145262-?,rs34145262,0,34145262.0,regulatory_region_variant,1.0,NR,5e-06,5.301029995663981,,,,Illumina [7500450] (imputed),N,304913,304913,Cardiovascular
2011-04-11,21378988,Coronary Artery Disease (C4D) Genetics Consortium,2011-03-06,Nat Genet,www.ncbi.nlm.nih.gov/pubmed/21378988,A genome-wide association study in Europeans and South Asians identifies five new loci for coronary artery disease.,coronary heart disease,"8,424 European ancestry cases, 7,268 European ancestry controls, 6,996 South Asian ancestry cases, 7,794 South Asian ancestry controls","18,049 European ancestry cases, 16,357 European ancestry controls, 3,359 South Asian ancestry cases, 2,828 South Asian ancestry controls",17q12,17,33960430.0,intergenic,ASIC2,,,ENSG00000108684,,,rs11650066-?,rs11650066,0,11650066,intron_variant,0.0,NR,6e-06,5.221848749616356,,,,Illumina [574919],N,-288520,288520,Cardiovascular
2022-12-14,36477530,Saunders GRB,2022-12-07,Nature,www.ncbi.nlm.nih.gov/pubmed/36477530,Genetic diversity fuels gene discovery for tobacco and alcohol use.,smoking initiation,"3,382,012 European ancestry, East Asian ancestry, Hispanic or Latin American, African ancestry individuals",,17q12,17,34579354.0,,TMEM132E-DT,,,ENSG00000197322,,,rs56322375-T,rs56322375,0,56322375.0,non_coding_transcript_exon_variant,0.0,0.217,6e-16,15.221848749616356,,0.00767,[0.0058-0.0095] unit increase,NR [NR] (imputed),N,330404,330404,GxE interaction
2022-12-21,36477530,Saunders GRB,2022-12-07,Nature,www.ncbi.nlm.nih.gov/pubmed/36477530,Genetic diversity fuels gene discovery for tobacco and alcohol use.,smoking initiation,"2,669,029 European ancestry individuals",,17q12,17,34579354.0,,TMEM132E-DT,,,ENSG00000197322,,,rs56322375-T,rs56322375,0,56322375.0,non_coding_transcript_exon_variant,0.0,0.232,2e-12,11.69897000433602,,0.00719,[0.0052-0.0092] unit increase,NR [NR] (imputed),N,330404,330404,GxE interaction
2013-02-12,23128233,Jostins L,2012-11-01,Nature,www.ncbi.nlm.nih.gov/pubmed/23128233,Host-microbe interactions have shaped the genetic architecture of inflammatory bowel disease.,inflammatory bowel disease,"12,924 European ancestry cases, 21,442 European ancestry controls","25,683 European ancestry cases, 17,015 European ancestry controls",17q12,17,34266955.0,"CCL2, CCL11, CCL13",CCL2 - CCL7,ENSG00000108691,ENSG00000108688,,9747.0,3266.0,rs3091316-G,rs3091316,0,3091316,regulatory_region_variant,1.0,0.722,9.999999999999999e-27,26.0,,1.122,[1.087-1.158],"Affymetrix, Illumina [1230000] (imputed)",N,18005,18005,IBD / Crohn's disease
2016-07-24,26192919,Liu JZ,2015-07-20,Nat Genet,www.ncbi.nlm.nih.gov/pubmed/26192919,Association analyses identify 38 susceptibility loci for inflammatory bowel disease and highlight shared genetic risk across populations.,crohn's disease,"5,956 European ancestry cases, 14,927 European ancestry controls","14,594 European ancestry cases, 26,715 European ancestry controls, 151 Iranian ancestry cases, 342 Iranian ancestry controls, 184 Indian ancestry cases, 990 Indian ancestry controls, 1,690 East Asian ancestry cases, 3,719 East Asian ancestry controls",17q12,17,34266646.0,NR,CCL2 - CCL7,ENSG00000108691,ENSG00000108688,,9438.0,3575.0,rs3091315-A,rs3091315,0,3091315.0,regulatory_region_variant,1.0,0.73,7.999999999999999e-25,24.096910013008056,(EA),1.1525311,[1.13-1.18],"Affymetrix, Illumina [~ 9000000] (imputed)",N,17696,17696,IBD / Crohn's disease
2018-04-26,26974007,Ellinghaus D,2016-03-14,Nat Genet,www.ncbi.nlm.nih.gov/pubmed/26974007,Analysis of five chronic inflammatory diseases identifies 27 new associations and highlights disease-specific patterns at shared loci.,"chronic inflammatory diseases (ankylosing spondylitis, crohn's disease, psoriasis, primary sclerosing cholangitis, ulcerative colitis) (pleiotropy)","8,726 European ancestry ankylosing spondylitis cases, 19,085 European ancestry Crohn’s disease cases, 6,530 European ancestry psoriasis cases, 3,408 European ancestry primary sclerosing cholangitis cases, 14,513 European ancestry ulcerative colitis cases, 34,213 European ancestry controls",,17q12,17,34243528.0,intergenic,LINC01989 - CCL2,ENSG00000261156,ENSG00000108691,,47591.0,11746.0,rs9889296-?,rs9889296,0,9889296.0,intergenic_variant,1.0,NR,5e-21,20.30102999566398,(subset analysis),,,Illumina [130052],N,-5422,5422,IBD / Crohn's disease
2016-07-24,26192919,Liu JZ,2015-07-20,Nat Genet,www.ncbi.nlm.nih.gov/pubmed/26192919,Association analyses identify 38 susceptibility loci for inflammatory bowel disease and highlight shared genetic risk across populations.,inflammatory bowel disease,"12,882 European ancestry cases, 21,770 European ancestry controls","25,273 European ancestry cases, 26,715 European ancestry controls, 548 Iranian ancestry cases, 342 Iranian ancestry control, 1,423 Indian ancestry cases, 990 Indian ancestry controls, 2,824 East Asian ancestry cases, 3,719 East Asian ancestry controls",17q12,17,34243528.0,NR,LINC01989 - CCL2,ENSG00000261156,ENSG00000108691,,47591.0,11746.0,rs9889296-?,rs9889296,0,9889296.0,intergenic_variant,1.0,NR,1e-20,20.0,(EA),,,"Affymetrix, Illumina [~ 9000000] (imputed)",N,-5422,5422,IBD / Crohn's disease
2016-07-24,26192919,Liu JZ,2015-07-20,Nat Genet,www.ncbi.nlm.nih.gov/pubmed/26192919,Association analyses identify 38 susceptibility loci for inflammatory bowel disease and highlight shared genetic risk across populations.,inflammatory bowel disease,"12,882 European ancestry cases, 21,770 European ancestry controls","25,273 European ancestry cases, 26,715 European ancestry controls, 548 Iranian ancestry cases, 342 Iranian ancestry control, 1,423 Indian ancestry cases, 990 Indian ancestry controls, 2,824 East Asian ancestry cases, 3,719 East Asian ancestry controls",17q12,17,34266646.0,NR,CCL2 - CCL7,ENSG00000108691,ENSG00000108688,,9438.0,3575.0,rs3091315-A,rs3091315,0,3091315.0,regulatory_region_variant,1.0,0.73,4e-20,19.39794000867204,(EA),1.1091312,,"Affymetrix, Illumina [~ 9000000] (imputed)",N,17696,17696,IBD / Crohn's disease
2017-06-02,28067908,de Lange KM,2017-01-09,Nat Genet,www.ncbi.nlm.nih.gov/pubmed/28067908,Genome-wide association study implicates immune activation of multiple integrin genes in inflammatory bowel disease.,crohn's disease,"12,194 European and unknown ancestry cases, 28,072 European and unknown ancestry controls",,17q12,17,34266955.0,"AC005549.3, CCL2, CCL7, CCL11",CCL2 - CCL7,ENSG00000108691,ENSG00000108688,,9747.0,3266.0,rs3091316-?,rs3091316,0,3091316.0,regulatory_region_variant,1.0,NR,2e-17,16.69897000433602,,,,Illumina [9560910] (imputed),N,18005,18005,IBD / Crohn's disease
2012-10-19,21102463,Franke A,2010-11-21,Nat Genet,www.ncbi.nlm.nih.gov/pubmed/21102463,Genome-wide meta-analysis increases to 71 the number of confirmed Crohn's disease susceptibility loci.,crohn's disease,"6,333 European ancestry cases, 15,056 European ancestry controls","15,694 European ancestry cases, 14,026 European ancestry controls, 414 European ancestry trios",17q12,17,34266646.0,"CCL2, CCL7",CCL2 - CCL7,ENSG00000108691,ENSG00000108688,,9438.0,3575.0,rs3091315-A,rs3091315,0,3091315,regulatory_region_variant,1.0,0.723,2e-13,12.69897000433602,,1.2,[1.14-1.26],"Affymetrix, Illumina [953241] (imputed)",N,17696,17696,IBD / Crohn's disease
2017-06-02,28067908,de Lange KM,2017-01-09,Nat Genet,www.ncbi.nlm.nih.gov/pubmed/28067908,Genome-wide association study implicates immune activation of multiple integrin genes in inflammatory bowel disease.,inflammatory bowel disease,"25,042 European and unknown ancestry cases, 34,915 European and unknown ancestry controls",,17q12,17,34266955.0,"AC005549.3, CCL2, CCL7, CCL11",CCL2 - CCL7,ENSG00000108691,ENSG00000108688,,9747.0,3266.0,rs3091316-?,rs3091316,0,3091316.0,regulatory_region_variant,1.0,NR,1e-12,12.0,,,,Illumina [9725440] (imputed),N,18005,18005,IBD / Crohn's disease
2024-05-21,38616254,Yu X,2024-04-15,BMC Med,www.ncbi.nlm.nih.gov/pubmed/38616254,Shared genetic architecture between autoimmune disorders and B-cell acute lymphoblastic leukemia: insights from large-scale genome-wide cross-trait analysis.,b-cell lymphoblastic leukemia or crohn's disease (pleiotropy),"12,194 European ancestry crohn's disease cases, 5,321 European ancestry B-ALL cases, 44,738 European ancestry controls",,17q12,17,34254988.0,,LINC01989 - CCL2,ENSG00000261156,ENSG00000108691,,59051.0,286.0,rs2857656-?,rs2857656,0,2857656.0,TF_binding_site_variant,1.0,NR,2e-09,8.698970004336019,,,,NR [NR],N,6038,6038,IBD / Crohn's disease
2023-11-30,37262302,Khrom M,2023-06-01,Inflamm Bowel Dis,www.ncbi.nlm.nih.gov/pubmed/37262302,Sex-Dimorphic Analyses Identify Novel and Sex-Specific Genetic Associations in Inflammatory Bowel Disease.,crohn's disease,"10,760 European ancestry female cases, 22,345 European ancestry female controls",,17q12,17,34207196.0,,LINC01989 - CCL2,ENSG00000261156,ENSG00000108691,,11259.0,48078.0,rs2368473-G,rs2368473,0,2368473.0,regulatory_region_variant,1.0,NR,1e-08,8.0,,1.103,[1.067-1.141],Illumina [NR],N,-41754,41754,IBD / Crohn's disease
2023-11-30,37262302,Khrom M,2023-06-01,Inflamm Bowel Dis,www.ncbi.nlm.nih.gov/pubmed/37262302,Sex-Dimorphic Analyses Identify Novel and Sex-Specific Genetic Associations in Inflammatory Bowel Disease.,crohn's disease x sex interaction (2df),"19,413 European ancestry cases, 39,125 European ancestry controls",,17q12,17,34207196.0,,LINC01989 - CCL2,ENSG00000261156,ENSG00000108691,,11259.0,48078.0,rs2368473-G,rs2368473,0,2368473.0,regulatory_region_variant,1.0,NR,2e-08,7.698970004336019,,,,Illumina [NR],N,-41754,41754,IBD / Crohn's disease
2012-04-03,22412388,Kenny EE,2012-03-08,PLoS Genet,www.ncbi.nlm.nih.gov/pubmed/22412388,A genome-wide scan of Ashkenazi Jewish Crohn's disease suggests novel susceptibility loci.,crohn's disease,"737 Ashkenazi Jewish cases, 2,257  Ashkenazi Jewish controls","971 Ashkenazi Jewish cases, 2,124 Ashkenazi Jewish controls",17q12,17,34266955.0,"CCL2, CCL11, CCL8, CCL13, CCL7, CCL1",CCL2 - CCL7,ENSG00000108691,ENSG00000108688,,9747.0,3266.0,rs3091316-G,rs3091316,0,3091316,regulatory_region_variant,1.0,0.732,4e-08,7.397940008672037,,1.14,[1.03-1.27],"Affymetrix, Illumina [1060934] (imputed)",N,18005,18005,IBD / Crohn's disease
2023-11-30,37262302,Khrom M,2023-06-01,Inflamm Bowel Dis,www.ncbi.nlm.nih.gov/pubmed/37262302,Sex-Dimorphic Analyses Identify Novel and Sex-Specific Genetic Associations in Inflammatory Bowel Disease.,crohn's disease,"19,413 European ancestry cases, 39,125 European ancestry controls",,17q12,17,34207196.0,,LINC01989 - CCL2,ENSG00000261156,ENSG00000108691,,11259.0,48078.0,rs2368473-G,rs2368473,0,2368473.0,regulatory_region_variant,1.0,NR,4e-08,7.397940008672037,,1.074,[1.047-1.102],Illumina [NR],N,-41754,41754,IBD / Crohn's disease
2022-09-27,28506689,Yadav P,2017-05-12,Gastroenterology,www.ncbi.nlm.nih.gov/pubmed/28506689,Genetic Factors Interact With Tobacco Smoke to Modify Risk for Inflammatory Bowel Disease in Humans and Mice.,ulcerative colitis x smoking status (never vs current smoking) interaction,"8,879 cases, 4,887 controls",,17q12,17,34305359.0,,CCL11 - CCL8,ENSG00000172156,ENSG00000108700,,17025.0,14076.0,rs11652256-?,rs11652256,0,11652256.0,intergenic_variant,1.0,NR,7e-06,5.154901959985743,,1.89,[1.43-2.5],Illumina [132890],N,56409,56409,IBD / Crohn's disease
2022-11-17,34887591,Graham SE,2021-12-09,Nature,www.ncbi.nlm.nih.gov/pubmed/34887591,The power of genetic diversity in genome-wide association studies of lipids.,non-hdl cholesterol levels,"40,963 South Asian ancestry individuals, 48,057 Hispanic individuals, 99,432 Admixed African or African ancestry individuals, 146,492 East Asian ancestry individuals, 1,320,016 European ancestry individuals",,17q12,17,34566266.0,,CCL1 - TMEM132E-DT,ENSG00000108702,ENSG00000197322,,203033.0,7857.0,rs757225592-?,rs757225592,0,757225592.0,intergenic_variant,1.0,NR,1e-08,8.0,,,,NR [52000000] (imputed),N,317316,317316,Metabolic
2022-04-27,35213538,Richardson TG,2022-02-25,PLoS Biol,www.ncbi.nlm.nih.gov/pubmed/35213538,Characterising metabolomic signatures of lipid-modifying therapies through drug target mendelian randomisation.,phospholipids to total lipids ratio in small hdl,"115,082 European ancestry individuals",,17q12,17,33785645.0,,ASIC2,,,ENSG00000108684,,,rs181054738-T,rs181054738,0,181054738.0,intron_variant,0.0,0.996773,3e-08,7.522878745280337,,0.202622,[0.13-0.27] unit decrease,NR [11722792] (imputed),N,-463305,463305,Metabolic
2023-05-11,37106081,Schoeler T,2023-04-27,Nat Hum Behav,www.ncbi.nlm.nih.gov/pubmed/37106081,Participation bias in the UK Biobank distorts genetic associations and downstream analyses.,bmi (standard gwa),"283,749 European ancestry individuals",,17q12,17,33894144.0,,ASIC2,,,ENSG00000108684,,,rs9900212-T,rs9900212,0,9900212.0,intron_variant,0.0,NR,4e-08,7.397940008672037,,0.069853,[0.045-0.095] unit decrease,NR [7296935] (imputed),N,-354806,354806,Metabolic
2017-06-29,28207573,Backman JD,2017-04-01,Pharmacogenet Genomics,www.ncbi.nlm.nih.gov/pubmed/28207573,Genome-wide analysis of clopidogrel active metabolite levels identifies novel variants that influence antiplatelet response.,clopidogrel active metabolite levels,513 Amish individuals,,17q12,17,34678675.0,NR,TMEM132E - CCT6B,ENSG00000181291,ENSG00000132141,,39357.0,249184.0,rs4795963-T,rs4795963,0,4795963.0,intergenic_variant,1.0,0.13,1e-07,7.0,,5.01,[NR] unit increase,Affymetrix [7884700] (imputed),N,429725,429725,Metabolic
2017-09-21,28736931,Rotroff DM,2017-07-24,Clin Pharmacol Ther,www.ncbi.nlm.nih.gov/pubmed/28736931,"Genetic Variants in HSD17B3, SMAD3, and IPO11 Impact Circulating Lipids in Response to Fenofibrate in Individuals With Type 2 Diabetes.",triglyceride change in response to fenofibrate in statin-treated type 2 diabetes,"781 European ancestry individuals, 138 African American ancestry individuals, 345 unknown ancestry individuals",,17q12,17,34342002.0,intergenic,CCL8 - CCL13,ENSG00000108700,ENSG00000181374,,20600.0,14478.0,rs62056376-?,rs62056376,0,62056376,intergenic_variant,1.0,NR,5e-07,6.301029995663981,(AA),0.244,unit increase,"Affymetrix, Illumina [8129838] (imputed)",N,93052,93052,Metabolic
2020-01-09,23823483,Rhee EP,2013-07-02,Cell Metab,www.ncbi.nlm.nih.gov/pubmed/23823483,A genome-wide association study of the human metabolome in a community-based cohort.,metabolite levels,"2,076 European ancestry individuals",,17q12,17,34697482.0,FLJ44815,TMEM132E - CCT6B,ENSG00000181291,ENSG00000132141,,58164.0,230377.0,rs7216674-?,rs7216674,0,7216674,intergenic_variant,1.0,NR,4e-06,5.3979400086720375,(TAG 58:9),0.2990955,[0.17-0.43] unit decrease,Affymetrix [at least 2500000] (imputed),N,448532,448532,Metabolic
2020-01-09,23823483,Rhee EP,2013-07-02,Cell Metab,www.ncbi.nlm.nih.gov/pubmed/23823483,A genome-wide association study of the human metabolome in a community-based cohort.,metabolite levels,"2,076 European ancestry individuals",,17q12,17,34697482.0,FLJ44815,TMEM132E - CCT6B,ENSG00000181291,ENSG00000132141,,58164.0,230377.0,rs7216674-?,rs7216674,0,7216674,intergenic_variant,1.0,NR,6e-06,5.221848749616356,(TAG 58:8),0.29483515,[0.17-0.42] unit decrease,Affymetrix [at least 2500000] (imputed),N,448532,448532,Metabolic
2020-01-09,23823483,Rhee EP,2013-07-02,Cell Metab,www.ncbi.nlm.nih.gov/pubmed/23823483,A genome-wide association study of the human metabolome in a community-based cohort.,metabolite levels,"2,076 European ancestry individuals",,17q12,17,34418144.0,CCL13,CCL1 - TMEM132E-DT,ENSG00000108702,ENSG00000197322,,54911.0,155979.0,rs7217062-?,rs7217062,0,7217062,intergenic_variant,1.0,NR,8e-06,5.096910013008056,(TAG 54:2),0.28381252,[0.16-0.41] unit increase,Affymetrix [at least 2500000] (imputed),N,169194,169194,Metabolic
2017-03-31,27694959,Bonder MJ,2016-10-03,Nat Genet,www.ncbi.nlm.nih.gov/pubmed/27694959,The effect of host genetics on the gut microbiome.,gut microbiota (functional units),984 European ancestry individuals,530 European ancestry individuals,17q12,17,34266646.0,"CCL2, CCL7, CCL11",CCL2 - CCL7,ENSG00000108691,ENSG00000108688,,9438.0,3575.0,rs3091315-G,rs3091315,0,3091315.0,regulatory_region_variant,1.0,NR,5e-07,6.301029995663981,(PWY-6654_phosphopantothenate_biosynthesis_III),5.0421667,Z-score increase,Illumina [8100000] (imputed),N,17696,17696,Microbiome
2017-03-31,27694959,Bonder MJ,2016-10-03,Nat Genet,www.ncbi.nlm.nih.gov/pubmed/27694959,The effect of host genetics on the gut microbiome.,gut microbiota (functional units),984 European ancestry individuals,530 European ancestry individuals,17q12,17,34266955.0,"CCL2, CCL7, CCL11",CCL2 - CCL7,ENSG00000108691,ENSG00000108688,,9747.0,3266.0,rs3091316-A,rs3091316,0,3091316.0,regulatory_region_variant,1.0,NR,6e-07,6.221848749616356,(PWY-6654_phosphopantothenate_biosynthesis_III),4.9887505,Z-score increase,Illumina [8100000] (imputed),N,18005,18005,Microbiome
2022-09-28,34282934,Fan W,2021-07-20,mSystems,www.ncbi.nlm.nih.gov/pubmed/34282934,Association between Human Genetic Variants and the Vaginal Bacteriome of Pregnant Women.,vaginal microbiome metacyc pathway (pwy-1861|formaldehyde assimilation ii (rump cycle)),315 Chinese ancestry individuals,,17q12,17,34390100.0,,CCL1 - TMEM132E-DT,ENSG00000108702,ENSG00000197322,,26867.0,184023.0,rs60287538-A,rs60287538,0,60287538.0,intergenic_variant,1.0,NR,2e-06,5.698970004336019,,0.9561,[0.57-1.34] unit increase,Illumina [492582],N,141150,141150,Microbiome
2020-08-14,32572223,Hughes DA,2020-06-22,Nat Microbiol,www.ncbi.nlm.nih.gov/pubmed/32572223,Genome-wide associations of human gut microbiome variation and implications for causal inference analyses.,"gut microbiota (bacterial taxa, rank normal transformation method)","2,223 European ancestry individuals","1,667 European ancestry individuals",17q12,17,33842326.0,ASIC2,ASIC2,,,ENSG00000108684,,,rs317386-A,rs317386,0,317386.0,intron_variant,0.0,0.500889047969768,5e-06,5.301029995663981,(F_Sutterellaceae_RNT),0.104506,[0.06-0.149] unit decrease,Illumina [7711310] (imputed),N,-406624,406624,Microbiome
2022-09-28,34282934,Fan W,2021-07-20,mSystems,www.ncbi.nlm.nih.gov/pubmed/34282934,Association between Human Genetic Variants and the Vaginal Bacteriome of Pregnant Women.,vaginal microbiome metacyc pathway (rump-pwy|formaldehyde oxidation i),315 Chinese ancestry individuals,,17q12,17,34390100.0,,CCL1 - TMEM132E-DT,ENSG00000108702,ENSG00000197322,,26867.0,184023.0,rs60287538-A,rs60287538,0,60287538,intergenic_variant,1.0,NR,6e-06,5.221848749616356,,0.9134,[0.53-1.3] unit increase,Illumina [492582],N,141150,141150,Microbiome
2020-11-24,33067605,Folkersen L,2020-10-16,Nat Metab,www.ncbi.nlm.nih.gov/pubmed/33067605,"Genomic and drug target evaluation of 90 cardiovascular proteins in 30,931 individuals.",monocyte chemoattractant protein-1 levels,"21,758 European ancestry individuals","9,173 individuals",17q12,17,34206404.0,,LINC01989 - CCL2,ENSG00000261156,ENSG00000108691,,10467.0,48870.0,rs12601658-A,rs12601658,0,12601658,regulatory_region_variant,1.0,0.23,6e-12,11.221848749616356,,0.0644,unit decrease,"Affymetrix, Illumina [20300000] (imputed)",N,-42546,42546,Other
2017-08-04,27989323,Ahola-Olli AV,2016-12-13,Am J Hum Genet,www.ncbi.nlm.nih.gov/pubmed/27989323,Genome-wide Association Study Identifies 27 Loci Influencing Concentrations of Circulating Cytokines and Growth Factors.,macrophage inflammatory protein 1b levels,"8,243 Finnish ancestry individuals",,17q12,17,34670294.0,NR,TMEM132E - CCT6B,ENSG00000181291,ENSG00000132141,,30976.0,257565.0,rs12601721-G,rs12601721,0,12601721.0,intergenic_variant,1.0,NR,1e-11,11.0,,0.1213,[0.086-0.156] SD units increase,NR [10700000] (imputed),N,421344,421344,Other
2020-12-24,32492067,Ruffieux H,2020-06-03,PLoS Comput Biol,www.ncbi.nlm.nih.gov/pubmed/32492067,A fully joint Bayesian quantitative trait locus mapping of human protein abundance in plasma.,protein quantitative trait loci,394 European ancestry individuals,548 European ancestry individuals,17q12,17,34330517.0,NR,CCL8 - CCL13,ENSG00000108700,ENSG00000181374,,9115.0,25963.0,rs8068122-?,rs8068122,0,8068122.0,intergenic_variant,1.0,NR,6e-11,10.221848749616356,(MCP-3),,,Illumina [~ 4000000] (imputed),N,81567,81567,Other
2021-11-02,34446935,Karlsson Linner R,2021-08-26,Nat Neurosci,www.ncbi.nlm.nih.gov/pubmed/34446935,Multivariate analysis of 1.5 million people identifies genetic associations with traits related to self-regulation and addiction.,externalizing behaviour (multivariate analysis),"up to 53,293 European ancestry Attention-deficit/hyperactivity disorder individuals, up to 164,684 European ancestry problematic alcohol use individuals, up to 186,875 European ancestry lifetime cannabis use individuals, up to 357,187 European ancestry individuals measuring  reverse-coded age at first sexual intercourse, up to 336,121 European ancestry individuals measuring number of sexual partners, up to 426,379 European ancestry individuals measuring general risk tolerance, up to 1,251,809  European ancestry individuals measuring lifetime smoking initiation",,17q12,17,34573818.0,,CCL1 - TMEM132E-DT,ENSG00000108702,ENSG00000197322,,210585.0,305.0,rs11657979-G,rs11657979,0,11657979,intergenic_variant,1.0,0.759,8e-10,9.096910013008056,,0.009,[0.007-0.011] unit decrease,NR [NR] (imputed),N,324868,324868,Other
2022-07-01,35361970,Okbay A,2022-03-31,Nat Genet,www.ncbi.nlm.nih.gov/pubmed/35361970,Polygenic prediction of educational attainment within and between families from genome-wide association analyses in 3 million individuals.,educational attainment,"3,037,499 European ancestry individuals",,17q12,17,34579354.0,,TMEM132E-DT,,,ENSG00000197322,,,rs56322375-T,rs56322375,0,56322375.0,non_coding_transcript_exon_variant,0.0,0.2327,1e-09,9.0,,0.00756285,[0.0051-0.01] unit decrease,Illumina [10675380] (imputed),N,330404,330404,Other
2019-11-05,30239722,Pulit SL,2018-09-14,Hum Mol Genet,www.ncbi.nlm.nih.gov/pubmed/30239722,"Meta-analysis of genome-wide association studies for body fat distribution in 694,649 individuals of European ancestry.",body mass index,"806,834 European ancestry individuals",,17q12,17,33920566.0,,ASIC2,,,ENSG00000108684,,,rs4794977-C,rs4794977,0,4794977,intron_variant,0.0,0.5749,2e-09,8.698970004336019,,0.0118,[0.0079-0.0157] unit increase,NR [~ 27400000] (imputed),N,-328384,328384,Other
2022-07-01,35361970,Okbay A,2022-03-31,Nat Genet,www.ncbi.nlm.nih.gov/pubmed/35361970,Polygenic prediction of educational attainment within and between families from genome-wide association analyses in 3 million individuals.,educational attainment,"3,037,499 European ancestry individuals",,17q12,17,34134345.0,,ASIC2,,,ENSG00000108684,,,rs11657896-T,rs11657896,0,11657896.0,intron_variant,0.0,0.3778,4e-09,8.397940008672037,,0.00633053,[0.0042-0.0084] unit increase,Illumina [10675380] (imputed),N,-114605,114605,Other
2017-08-04,27989323,Ahola-Olli AV,2016-12-13,Am J Hum Genet,www.ncbi.nlm.nih.gov/pubmed/27989323,Genome-wide Association Study Identifies 27 Loci Influencing Concentrations of Circulating Cytokines and Growth Factors.,macrophage inflammatory protein 1b levels,"8,243 Finnish ancestry individuals",,17q12,17,34505507.0,NR,CCL1 - TMEM132E-DT,ENSG00000108702,ENSG00000197322,,142274.0,68616.0,rs72829264-G,rs72829264,0,72829264.0,intergenic_variant,1.0,NR,9e-09,8.045757490560675,,0.1601,[0.11-0.21] SD units increase,NR [10700000] (imputed),N,256557,256557,Other
2017-05-11,27992416,Lane JM,2016-12-19,Nat Genet,www.ncbi.nlm.nih.gov/pubmed/27992416,Genome-wide association analyses of sleep disturbance traits identify new loci and highlight shared genetics with neuropsychiatric and metabolic traits.,insomnia,"up to 12,674 European ancestry male cases, up to 19,481 European ancestry female cases, up to 16,009 European ancestry male controls, up to 10,964 European ancestry female controls,",,17q12,17,34659136.0,TMEM132E,TMEM132E - CCT6B,ENSG00000181291,ENSG00000132141,,19818.0,268723.0,rs145258459-C,rs145258459,0,145258459.0,intergenic_variant,1.0,NR,2e-08,7.698970004336019,,1.23,[1.13–1.35],Affymetrix [up to 73355677] (imputed),N,410186,410186,Other
2021-03-30,32778093,He B,2020-08-10,BMC Biol,www.ncbi.nlm.nih.gov/pubmed/32778093,Genome-wide pQTL analysis of protein expression regulatory networks in the human liver.,protein quantitative trait loci (liver),"172 European ancestry individuals, 29 Black individuals, 86 individuals",,17q12,17,34409246.0,NR,CCL1 - TMEM132E-DT,ENSG00000108702,ENSG00000197322,,46013.0,164877.0,rs159250-T,rs159250,0,159250.0,intergenic_variant,1.0,0.0122,2e-08,7.698970004336019,(ME1),0.1216,NR unit decrease,Illumina [1671387] (imputed),N,160296,160296,Other
2021-03-30,32778093,He B,2020-08-10,BMC Biol,www.ncbi.nlm.nih.gov/pubmed/32778093,Genome-wide pQTL analysis of protein expression regulatory networks in the human liver.,protein quantitative trait loci (liver),"172 European ancestry individuals, 29 Black individuals, 86 individuals",,17q12,17,34583039.0,NR,TMEM132E,,,ENSG00000181291,,,rs4795939-A,rs4795939,0,4795939.0,intron_variant,0.0,0.08362,2e-08,7.698970004336019,(COQ9),0.006935,NR unit increase,Illumina [1671387] (imputed),N,334089,334089,Other
2022-07-01,35361970,Okbay A,2022-03-31,Nat Genet,www.ncbi.nlm.nih.gov/pubmed/35361970,Polygenic prediction of educational attainment within and between families from genome-wide association analyses in 3 million individuals.,educational attainment,"3,037,499 European ancestry individuals",,17q12,17,34581045.0,,TMEM132E,,,ENSG00000181291,,,rs4795938-T,rs4795938,0,4795938.0,5_prime_UTR_variant,0.0,0.1483,2e-08,7.698970004336019,,0.00830845,[0.0054-0.0112] unit increase,Illumina [10675380] (imputed),N,332095,332095,Other
2023-03-08,36581621,Huang J,2022-12-29,Nat Commun,www.ncbi.nlm.nih.gov/pubmed/36581621,Genomics and phenomics of body mass index reveals a complex disease network.,body mass index,"1,122,049 European ancestry individuals",,17q12,17,33939004.0,,ASIC2,,,ENSG00000108684,,,rs915479-C,rs915479,0,915479.0,intron_variant,0.0,NR,2e-08,7.698970004336019,,0.0104,[0.0069-0.0139] unit increase,Affymetrix [NR] (imputed),N,-309946,309946,Other
2023-10-12,32210231,Hollis B,2020-03-24,Nat Commun,www.ncbi.nlm.nih.gov/pubmed/32210231,Genomic analysis of male puberty timing highlights shared genetic basis with hair colour and lifespan.,male puberty timing (age at voice breaking mtag),"205,354 European ancestry individuals",,17q12,17,34147130.0,,ASIC2,,,ENSG00000108684,,,rs17193410-G,rs17193410,0,17193410.0,intron_variant,0.0,NR,2e-08,7.698970004336019,,0.028299173,[0.019-0.038] years increase,NR [7400000] (imputed),N,-101820,101820,Other
2021-03-30,32778093,He B,2020-08-10,BMC Biol,www.ncbi.nlm.nih.gov/pubmed/32778093,Genome-wide pQTL analysis of protein expression regulatory networks in the human liver.,protein quantitative trait loci (liver),"172 European ancestry individuals, 29 Black individuals, 86 individuals",,17q12,17,34679789.0,NR,TMEM132E - CCT6B,ENSG00000181291,ENSG00000132141,,40471.0,248070.0,rs148327846-T,rs148327846,0,148327846,intergenic_variant,1.0,0.01568,3e-08,7.522878745280337,(YARS),0.04292,NR unit increase,Illumina [1671387] (imputed),N,430839,430839,Other
2022-07-01,35361970,Okbay A,2022-03-31,Nat Genet,www.ncbi.nlm.nih.gov/pubmed/35361970,Polygenic prediction of educational attainment within and between families from genome-wide association analyses in 3 million individuals.,educational attainment,"3,037,499 European ancestry individuals",,17q12,17,34742801.0,,TMEM132E - CCT6B,ENSG00000181291,ENSG00000132141,,103483.0,185058.0,rs17666879-A,rs17666879,0,17666879.0,intergenic_variant,1.0,0.2204,3e-08,7.522878745280337,,0.00696402,[0.0045-0.0094] unit decrease,Illumina [10675380] (imputed),N,493851,493851,Other
2021-04-28,32939015,Zhu Z,2020-09-16,J Hum Genet,www.ncbi.nlm.nih.gov/pubmed/32939015,A genome-wide association study reveals a substantial genetic basis underlying the Ebbinghaus illusion.,ebbinghaus illusion (overestimation),"1,986 Chinese ancestry individuals",839 Chinese ancestry individuals,17q12,17,33834483.0,NR,ASIC2,,,ENSG00000108684,,,rs317326-?,rs317326,0,317326.0,non_coding_transcript_exon_variant,0.0,NR,4e-08,7.397940008672037,,5.514,NR z score increase,Illumina [at least 830937] (imputed),N,-414467,414467,Other
2018-10-19,30038396,Lee JJ,2018-07-23,Nat Genet,www.ncbi.nlm.nih.gov/pubmed/30038396,Gene discovery and polygenic prediction from a genome-wide association study of educational attainment in 1.1 million individuals.,educational attainment (years of education),"up to 1,131,881 European ancestry individuals",,17q12,17,34573818.0,,CCL1 - TMEM132E-DT,ENSG00000108702,ENSG00000197322,,210585.0,305.0,rs11657979-A,rs11657979,0,11657979.0,intergenic_variant,1.0,0.2449,5e-08,7.301029995663981,,0.0091,[0.0058-0.0124] unit decrease,"Affymetrix, Illumina [10000000] (imputed)",N,324868,324868,Other
2024-03-07,35121771,Choe EK,2022-02-04,Sci Rep,www.ncbi.nlm.nih.gov/pubmed/35121771,"Leveraging deep phenotyping from health check-up cohort with 10,000 Korean individuals for phenome-wide association study of 136 traits.",anti-hepatitis c virus antibody seropositivity,"9,313 Korean ancestry individuals",,17q12,17,34427369.0,,CCL1 - TMEM132E-DT,ENSG00000108702,ENSG00000197322,,64136.0,146754.0,rs75125828-A,rs75125828,0,75125828.0,intergenic_variant,1.0,0.019491,8e-08,7.096910013008056,,1.70558,unit decrease,Affymetrix [6860342] (imputed),N,178419,178419,Other
2014-07-23,24324551,Deng X,2013-11-20,PLoS One,www.ncbi.nlm.nih.gov/pubmed/24324551,Genome wide association study (GWAS) of Chagas cardiomyopathy in Trypanosoma cruzi seropositive subjects.,pr interval in tripanosoma cruzi seropositivity,580 Brazilian ancestry individuals,,17q12,17,33979404.0,ACCN1,ASIC2,,,ENSG00000108684,,,rs117364231-?,rs117364231,0,117364231,intron_variant,0.0,NR,1e-07,7.0,,,,Affymetrix [5486770] (imputed),N,-269546,269546,Other
2022-09-01,31882771,Al-Khelaifi F,2019-12-27,Sci Rep,www.ncbi.nlm.nih.gov/pubmed/31882771,Metabolic GWAS of elite athletes reveals novel genetically-influenced metabolites associated with athletic performance.,3beta-hydroxy-5-cholestenoate levels in elite athletes,490 individuals,,17q12,17,34072955.0,,ASIC2,,,ENSG00000108684,,,rs886359-?,rs886359,0,886359.0,intron_variant,0.0,NR,3e-07,6.522878745280337,,0.3204925,[0.2-0.44] unit decrease,Illumina [275016],N,-175995,175995,Other
2023-12-12,37359372,Nardone GG,2023-06-09,Front Genet,www.ncbi.nlm.nih.gov/pubmed/37359372,Identifying missing pieces in color vision defects: a genome-wide association study in Silk Road populations.,color vision defects (tritan),"12 Silk Road (founder/genetic isolate) cases, 508 Silk Road (founder/genetic isolate) controls",,17q12,17,34438945.0,,CCL1 - TMEM132E-DT,ENSG00000108702,ENSG00000197322,,75712.0,135178.0,rs78565129-T,rs78565129,0,78565129.0,intergenic_variant,1.0,0.981,5e-07,6.301029995663981,,0.2206202,[0.14-0.3] unit decrease,Illumina [7783479] (imputed),N,189995,189995,Other
2014-03-05,23903073,Kim HN,2013-08-01,J Hum Genet,www.ncbi.nlm.nih.gov/pubmed/23903073,Genome-wide association study of the five-factor model of personality in young Korean women.,personality dimensions,"1,089 Korean ancestry females","2,090 Korean ancestry individuals",17q12,17,34645710.0,TMEM132E,TMEM132E - CCT6B,ENSG00000181291,ENSG00000132141,,6392.0,282149.0,rs4990638-C,rs4990638,0,4990638.0,regulatory_region_variant,1.0,NR,2e-06,5.698970004336019,(Openness),0.06,[-0.0184-0.1384] unit decrease,Illumina [2053685] (imputed),N,396760,396760,Other
2021-10-22,34340725,Campos AI,2021-08-03,Twin Res Hum Genet,www.ncbi.nlm.nih.gov/pubmed/34340725,Genetic Susceptibility to Pneumonia: A GWAS Meta-Analysis Between the UK Biobank and FinnGen.,pneumonia,"24,760 European ancestry cases, 525,615 European ancestry controls",,17q12,17,33964001.0,,ASIC2,,,ENSG00000108684,,,rs62057446-T,rs62057446,0,62057446,intron_variant,0.0,NR,2e-06,5.698970004336019,,0.019,[0.011-0.027] unit increase,NR [7831927],N,-284949,284949,Other
2015-11-17,25656473,de With SA,2015-02-05,Am J Med Genet B Neuropsychiatr Genet,www.ncbi.nlm.nih.gov/pubmed/25656473,Genome-wide association study of lymphoblast cell viability after clozapine exposure.,clozapine-induced cytotoxicity,90 European ancestry lymphoblast cell lines,,17q12,17,34535171.0,intergenic,CCL1 - TMEM132E-DT,ENSG00000108702,ENSG00000197322,,171938.0,38952.0,rs17662217-?,rs17662217,0,17662217.0,intergenic_variant,1.0,NR,3e-06,5.522878745280337,(AUC),,,NR [2092490],N,286221,286221,Other
2022-07-04,33462482,Ruhlemann MC,2021-01-18,Nat Genet,www.ncbi.nlm.nih.gov/pubmed/33462482,"Genome-wide association study in 8,956 German individuals identifies influence of ABO histo-blood groups on gut microbiome.",o_burkholderiales abundance,"8,956 German ancestry individuals",,17q12,17,34643182.0,,TMEM132E - CCT6B,ENSG00000181291,ENSG00000132141,,3864.0,284677.0,rs17587637-?,rs17587637,0,17587637.0,intergenic_variant,1.0,NR,5e-06,5.301029995663981,,0.15177277,[0.086-0.217] unit increase,NR [6900000] (imputed),N,394232,394232,Other
2019-07-17,28552196,Tachmazidou I,2017-06-01,Am J Hum Genet,www.ncbi.nlm.nih.gov/pubmed/28552196,Whole-Genome Sequencing Coupled to Imputation Discovers Genetic Signals for Anthropometric Traits.,trunk fat mass,"3,399 whole genome sequenced individuals, 12,838 European ancestry individuals","10,667 European ancestry individuals",17q12,17,34649750.0,TMEM132E,TMEM132E - CCT6B,ENSG00000181291,ENSG00000132141,,10432.0,278109.0,rs144872064-T,rs144872064,0,144872064,intergenic_variant,1.0,0.0032,5e-06,5.301029995663981,,0.5663,[0.32-0.81] unit decrease,"Affymetrix, Illumina, Perlegen [15844966] (imputed)",N,400800,400800,Other
2018-09-17,29844566,Davies G,2018-05-29,Nat Commun,www.ncbi.nlm.nih.gov/pubmed/29844566,"Study of 300,486 individuals identifies 148 independent genetic loci influencing general cognitive function.",reaction time,"330,069 European ancestry individuals",,17q12,17,33973273.0,NR,ASIC2,,,ENSG00000108684,,,rs140016681-?,rs140016681,0,140016681,intron_variant,0.0,NR,5e-06,5.301029995663981,,0.0077347,[0.0044-0.0111] unit increase,Affymetrix [805426] (imputed),N,-275677,275677,Other
2022-09-01,31882771,Al-Khelaifi F,2019-12-27,Sci Rep,www.ncbi.nlm.nih.gov/pubmed/31882771,Metabolic GWAS of elite athletes reveals novel genetically-influenced metabolites associated with athletic performance.,arginine levels in elite athletes,490 individuals,,17q12,17,34094501.0,,ASIC2,,,ENSG00000108684,,,rs9900922-?,rs9900922,0,9900922.0,intron_variant,0.0,NR,6e-06,5.221848749616356,,1.4999179,[0.86-2.14] unit decrease,Illumina [275016],N,-154449,154449,Other
2012-05-25,22493691,Eriksson N,2012-04-06,PLoS One,www.ncbi.nlm.nih.gov/pubmed/22493691,Novel associations for hypothyroidism include known autoimmune risk loci.,hypothyroidism,"3,736 European ancestry cases, 35,546 European ancestry controls",,17q12,17,34137135.0,"CCL2, LOC100131744",ASIC2,,,ENSG00000108684,,,rs9901756-A,rs9901756,0,9901756,intron_variant,0.0,0.893,7e-06,5.154901959985743,,1.21,[1.11-1.32],Illumina [870065],N,-111815,111815,Other
2020-04-16,31488892,Masuda T,2019-09-05,Eur J Hum Genet,www.ncbi.nlm.nih.gov/pubmed/31488892,GWAS of five gynecologic diseases and cross-trait analysis in Japanese.,uterine fibroids,"5,236 Japanese ancestry cases, 39,556 Japanese ancestry controls",,17q12,17,34192451.0,Intergenic,LINC01989,,,ENSG00000261156,,,rs76801069-?,rs76801069,0,76801069.0,intron_variant,0.0,NR,7e-06,5.154901959985743,,1.48,[1.25-1.76],Illumina [7645193] (imputed),N,-56499,56499,Other
2014-07-23,24324551,Deng X,2013-11-20,PLoS One,www.ncbi.nlm.nih.gov/pubmed/24324551,Genome wide association study (GWAS) of Chagas cardiomyopathy in Trypanosoma cruzi seropositive subjects.,qt interval in tripanosoma cruzi seropositivity,580 Brazilian ancestry individuals,,17q12,17,34095680.0,NR,ASIC2,,,ENSG00000108684,,,rs116908816-?,rs116908816,0,116908816,intron_variant,0.0,NR,9e-06,5.045757490560675,,,,Affymetrix [5486770] (imputed),N,-153270,153270,Other
2022-09-01,31882771,Al-Khelaifi F,2019-12-27,Sci Rep,www.ncbi.nlm.nih.gov/pubmed/31882771,Metabolic GWAS of elite athletes reveals novel genetically-influenced metabolites associated with athletic performance.,oleate/vaccenate (18:1) levels in elite athletes,490 individuals,,17q12,17,34067422.0,,ASIC2,,,ENSG00000108684,,,rs2214448-?,rs2214448,0,2214448,intron_variant,0.0,NR,9e-06,5.045757490560675,,0.3219769,[0.18-0.46] unit decrease,Illumina [275016],N,-181528,181528,Other
2022-09-01,31882771,Al-Khelaifi F,2019-12-27,Sci Rep,www.ncbi.nlm.nih.gov/pubmed/31882771,Metabolic GWAS of elite athletes reveals novel genetically-influenced metabolites associated with athletic performance.,pregnanediol-3-glucuronide levels in elite athletes,490 individuals,,17q12,17,34072955.0,,ASIC2,,,ENSG00000108684,,,rs886359-?,rs886359,0,886359.0,intron_variant,0.0,NR,9e-06,5.045757490560675,,0.27278957,[0.15-0.39] unit decrease,Illumina [275016],N,-175995,175995,Other
2018-11-16,30072576,Emilsson V,2018-08-02,Science,www.ncbi.nlm.nih.gov/pubmed/30072576,Co-regulatory networks of human serum proteins link genetics to disease.,blood protein levels,"3,200 European ancestry individuals",,17q12,17,34347215.0,CCL8,CCL8 - CCL13,ENSG00000108700,ENSG00000181374,,25813.0,9265.0,rs4795912-C,rs4795912,0,4795912.0,regulatory_region_variant,1.0,0.80390625,0.0,459.6989700043361,"(CCL8, 13748_4_3)",1.2207235,[1.18-1.26] unit increase,Illumina [> 1000000] (imputed),N,98265,98265,Protein/biomarker QTL
2024-03-26,38412862,Suhre K,2024-02-20,Cell Genom,www.ncbi.nlm.nih.gov/pubmed/38412862,Genetic associations with ratios between protein levels detect new pQTLs and reveal protein-protein interactions.,ccl13/ccl8 protein level ratio,"43,509 European ancestry individuals",,17q12,17,34305359.0,,CCL11 - CCL8,ENSG00000172156,ENSG00000108700,,17025.0,14076.0,rs11652256-?,rs11652256,0,11652256,intergenic_variant,1.0,NR,0.0,494.0457574905607,,0.928457,[0.89-0.97] increase,Affymetrix [509492],N,56409,56409,Protein/biomarker QTL
2023-04-03,34648354,Pietzner M,2021-11-12,Science,www.ncbi.nlm.nih.gov/pubmed/34648354,Mapping the proteo-genomic convergence of human diseases.,c-c motif chemokine 7 levels,"10,708 European ancestry individuals",,17q12,17,34320812.0,,CCL8,,,ENSG00000108700,,,rs1133763-A,rs1133763,0,1133763.0,missense_variant,0.0,0.84,0.0,717.698970004336,,0.913,[0.88-0.94] unit increase,"Affymetrix, Illumina [10200000] (imputed)",N,71862,71862,Protein/biomarker QTL
2023-04-03,34648354,Pietzner M,2021-11-12,Science,www.ncbi.nlm.nih.gov/pubmed/34648354,Mapping the proteo-genomic convergence of human diseases.,c-c motif chemokine 8 levels,"10,708 European ancestry individuals",,17q12,17,34320812.0,,CCL8,,,ENSG00000108700,,,rs1133763-A,rs1133763,0,1133763.0,missense_variant,0.0,0.84,0.0,1703.096910013008,,1.239,[1.21-1.27] unit increase,"Affymetrix, Illumina [10200000] (imputed)",N,71862,71862,Protein/biomarker QTL
2024-03-26,38412862,Suhre K,2024-02-20,Cell Genom,www.ncbi.nlm.nih.gov/pubmed/38412862,Genetic associations with ratios between protein levels detect new pQTLs and reveal protein-protein interactions.,ccl13/ccl2 protein level ratio,"43,509 European ancestry individuals",,17q12,17,34383709.0,,CCL1 - TMEM132E-DT,ENSG00000108702,ENSG00000197322,,20476.0,190414.0,rs16969619-?,rs16969619,0,16969619,intergenic_variant,1.0,NR,2e-277,276.69897000433605,,0.522533,[0.49-0.55] decrease,Affymetrix [509492],N,134759,134759,Protein/biomarker QTL
2018-11-16,30072576,Emilsson V,2018-08-02,Science,www.ncbi.nlm.nih.gov/pubmed/30072576,Co-regulatory networks of human serum proteins link genetics to disease.,blood protein levels,"3,200 European ancestry individuals",,17q12,17,34330517.0,CCL7,CCL8 - CCL13,ENSG00000108700,ENSG00000181374,,9115.0,25963.0,rs8068122-C,rs8068122,0,8068122.0,intergenic_variant,1.0,0.828125,2e-263,262.69897000433605,"(CCL7, 4886_3_1)",1.045583,[0.99-1.1] unit increase,Illumina [> 1000000] (imputed),N,81567,81567,Protein/biomarker QTL
2023-04-03,34648354,Pietzner M,2021-11-12,Science,www.ncbi.nlm.nih.gov/pubmed/34648354,Mapping the proteo-genomic convergence of human diseases.,c-c motif chemokine 7 levels,"10,708 European ancestry individuals",,17q12,17,34320338.0,,CCL8,,,ENSG00000108700,,,rs34202026-A,rs34202026,0,34202026.0,missense_variant,0.0,0.98,2e-236,235.698970004336,,1.491,[1.4-1.58] unit decrease,"Affymetrix, Illumina [10200000] (imputed)",N,71388,71388,Protein/biomarker QTL
2024-03-26,38412862,Suhre K,2024-02-20,Cell Genom,www.ncbi.nlm.nih.gov/pubmed/38412862,Genetic associations with ratios between protein levels detect new pQTLs and reveal protein-protein interactions.,ccl11/ccl13 protein level ratio,"43,509 European ancestry individuals",,17q12,17,34383709.0,,CCL1 - TMEM132E-DT,ENSG00000108702,ENSG00000197322,,20476.0,190414.0,rs16969619-?,rs16969619,0,16969619,intergenic_variant,1.0,NR,9e-236,235.04575749056067,,0.476214,[0.45-0.5] increase,Affymetrix [509492],N,134759,134759,Protein/biomarker QTL
2022-10-24,36168886,Thareja G,2022-09-28,Hum Mol Genet,www.ncbi.nlm.nih.gov/pubmed/36168886,Differences and commonalities in the genetic architecture of protein quantitative trait loci in European and Arab populations.,c-c motif chemokine 7 levels,"2,935 Qatari ancestry individuals",,17q12,17,34320812.0,,CCL8,,,ENSG00000108700,,,rs1133763-C,rs1133763,0,1133763.0,missense_variant,0.0,0.212606,1e-177,177.0,,0.915581,[0.85-0.98] unit decrease,NR [10004359],N,71862,71862,Protein/biomarker QTL
2024-03-26,38412862,Suhre K,2024-02-20,Cell Genom,www.ncbi.nlm.nih.gov/pubmed/38412862,Genetic associations with ratios between protein levels detect new pQTLs and reveal protein-protein interactions.,ccl11/ccl7 protein level ratio,"43,509 European ancestry individuals",,17q12,17,34195594.0,,LINC01989,,,ENSG00000261156,,,rs7213460-?,rs7213460,0,7213460,intron_variant,0.0,NR,2e-133,132.69897000433602,,0.169692,[0.16-0.18] decrease,Affymetrix [509492],N,-53356,53356,Protein/biomarker QTL
2023-04-03,34648354,Pietzner M,2021-11-12,Science,www.ncbi.nlm.nih.gov/pubmed/34648354,Mapping the proteo-genomic convergence of human diseases.,corneodesmosin levels,"10,708 European ancestry individuals",,17q12,17,34355597.0,,CCL8 - CCL13,ENSG00000108700,ENSG00000181374,,34195.0,883.0,rs3136674-T,rs3136674,0,3136674.0,regulatory_region_variant,1.0,0.95,1e-120,120.0,,0.675,[0.62-0.73] unit increase,"Affymetrix, Illumina [10200000] (imputed)",N,106647,106647,Protein/biomarker QTL
2022-09-27,34814699,Katz DH,2021-11-24,Circulation,www.ncbi.nlm.nih.gov/pubmed/34814699,Whole Genome Sequence Analysis of the Plasma Proteome in Black Adults Provides Novel Insights Into Cardiovascular Disease.,c-c motif chemokine 7 levels,"1,852 African American or Afro-Caribbean individuals","1,688 African American or Afro-Caribbean, Hispanic or Latin American, Asian ancestry, European ancestry individuals",17q12,17,34321860.0,,CCL8 - CCL13,ENSG00000108700,ENSG00000181374,,458.0,34620.0,rs11342894-?,rs11342894,0,11342894.0,intergenic_variant,1.0,NR,8e-118,117.09691001300806,,0.86,[0.78-0.94] unit decrease,Illumina [NR],N,72910,72910,Protein/biomarker QTL
2022-02-15,35078996,Gudjonsson A,2022-01-25,Nat Commun,www.ncbi.nlm.nih.gov/pubmed/35078996,A genome-wide association study of serum proteins reveals shared loci with common diseases.,serum levels of protein ccl8,"5,337 Icelandic ancestry individuals",,17q12,17,34320525.0,,CCL8,,,ENSG00000108700,,,rs3138036-G,rs3138036,0,3138036.0,intron_variant,0.0,0.1771,5e-109,108.30102999566398,,0.468601,[0.43-0.51] unit decrease,Illumina [7506463] (imputed),N,71575,71575,Protein/biomarker QTL
2022-10-24,36168886,Thareja G,2022-09-28,Hum Mol Genet,www.ncbi.nlm.nih.gov/pubmed/36168886,Differences and commonalities in the genetic architecture of protein quantitative trait loci in European and Arab populations.,c-c motif chemokine 8 levels,"2,935 Qatari ancestry individuals",,17q12,17,34321860.0,,CCL8 - CCL13,ENSG00000108700,ENSG00000181374,,458.0,34620.0,rs11342894-C,rs11342894,0,11342894.0,intergenic_variant,1.0,0.213288,3e-80,79.52287874528034,,0.60776,[0.54-0.67] unit decrease,NR [10004359],N,72910,72910,Protein/biomarker QTL
2023-01-10,29875488,Sun BB,2018-06-06,Nature,www.ncbi.nlm.nih.gov/pubmed/29875488,Genomic atlas of the human plasma proteome.,c-c motif chemokine 7 levels (ccl7.4886.3.1),"3,301 European ancestry individuals",,17q12,17,34321860.0,,CCL8 - CCL13,ENSG00000108700,ENSG00000181374,,458.0,34620.0,rs11342894-C,rs11342894,0,11342894.0,intergenic_variant,1.0,0.158,7e-72,71.15490195998575,,0.59,[-0.53--0.65] unit decrease,Affymetrix [10572788] (imputed),N,72910,72910,Protein/biomarker QTL
2022-04-11,28240269,Suhre K,2017-02-27,Nat Commun,www.ncbi.nlm.nih.gov/pubmed/28240269,Connecting genetic risk to disease end points through the human blood plasma proteome.,c-c motif chemokine 7 levels,997 European ancestry individuals,"338 Greater Middle Eastern (Middle Eastern, North African or Persian), South Asian ancestry, Asian ancestry individuals",17q12,17,34320525.0,,CCL8,,,ENSG00000108700,,,rs3138036-G,rs3138036,0,3138036.0,intron_variant,0.0,NR,2e-69,68.69897000433602,,0.9997,[0.9-1.1] unit decrease,Affymetrix [509946],N,71575,71575,Protein/biomarker QTL
2023-04-03,34648354,Pietzner M,2021-11-12,Science,www.ncbi.nlm.nih.gov/pubmed/34648354,Mapping the proteo-genomic convergence of human diseases.,c-c motif chemokine 8 levels,"10,708 European ancestry individuals",,17q12,17,34320338.0,,CCL8,,,ENSG00000108700,,,rs34202026-A,rs34202026,0,34202026.0,missense_variant,0.0,0.98,1e-67,67.0,,0.827,[0.73-0.92] unit increase,"Affymetrix, Illumina [10200000] (imputed)",N,71388,71388,Protein/biomarker QTL
2023-04-03,34648354,Pietzner M,2021-11-12,Science,www.ncbi.nlm.nih.gov/pubmed/34648354,Mapping the proteo-genomic convergence of human diseases.,c-c motif chemokine 7 levels,"10,708 European ancestry individuals",,17q12,17,34206404.0,,LINC01989 - CCL2,ENSG00000261156,ENSG00000108691,,10467.0,48870.0,rs12601658-A,rs12601658,0,12601658.0,regulatory_region_variant,1.0,0.23,5e-62,61.30102999566398,,0.261,[0.23-0.29] unit decrease,"Affymetrix, Illumina [10200000] (imputed)",N,-42546,42546,Protein/biomarker QTL
2018-11-16,30072576,Emilsson V,2018-08-02,Science,www.ncbi.nlm.nih.gov/pubmed/30072576,Co-regulatory networks of human serum proteins link genetics to disease.,blood protein levels,"3,200 European ancestry individuals",,17q12,17,34330523.0,CCL8,CCL8 - CCL13,ENSG00000108700,ENSG00000181374,,9121.0,25957.0,rs8066978-G,rs8066978,0,8066978,intergenic_variant,1.0,0.828125,1e-58,58.0,"(CCL8, 2785_15_2)",0.5167341,[0.46-0.58] unit increase,Illumina [> 1000000] (imputed),N,81573,81573,Protein/biomarker QTL
2023-04-03,34648354,Pietzner M,2021-11-12,Science,www.ncbi.nlm.nih.gov/pubmed/34648354,Mapping the proteo-genomic convergence of human diseases.,corneodesmosin levels,"10,708 European ancestry individuals",,17q12,17,34247226.0,,LINC01989 - CCL2,ENSG00000261156,ENSG00000108691,,51289.0,8048.0,rs6505402-A,rs6505402,0,6505402.0,intergenic_variant,1.0,0.36,9.999999999999999e-57,56.0,,0.214,[0.19-0.24] unit increase,"Affymetrix, Illumina [10200000] (imputed)",N,-1724,1724,Protein/biomarker QTL
2023-01-10,29875488,Sun BB,2018-06-06,Nature,www.ncbi.nlm.nih.gov/pubmed/29875488,Genomic atlas of the human plasma proteome.,c-c motif chemokine 7 levels (ccl7.4886.3.1),"3,301 European ancestry individuals",,17q12,17,34320338.0,,CCL8,,,ENSG00000108700,,,rs34202026-T,rs34202026,0,34202026.0,missense_variant,0.0,0.021,1e-53,53.0,,1.32,[1.14-1.5] unit increase,Affymetrix [10572788] (imputed),N,71388,71388,Protein/biomarker QTL
2023-04-03,34648354,Pietzner M,2021-11-12,Science,www.ncbi.nlm.nih.gov/pubmed/34648354,Mapping the proteo-genomic convergence of human diseases.,corneodesmosin levels,"10,708 European ancestry individuals",,17q12,17,34179555.0,,LINC01989,,,ENSG00000261156,,,rs57177033-?,rs57177033,0,57177033.0,intron_variant,0.0,0.52,2e-52,51.69897000433602,,0.207,[0.18-0.23] unit decrease,"Affymetrix, Illumina [10200000] (imputed)",N,-69395,69395,Protein/biomarker QTL
2023-04-03,34648354,Pietzner M,2021-11-12,Science,www.ncbi.nlm.nih.gov/pubmed/34648354,Mapping the proteo-genomic convergence of human diseases.,c-c motif chemokine 8 levels,"10,708 European ancestry individuals",,17q12,17,34322446.0,,CCL8 - CCL13,ENSG00000108700,ENSG00000181374,,1044.0,34034.0,rs11575056-A,rs11575056,0,11575056.0,intergenic_variant,1.0,0.95,4.0000000000000005e-49,48.39794000867204,,0.442,[0.38-0.5] unit decrease,"Affymetrix, Illumina [10200000] (imputed)",N,73496,73496,Protein/biomarker QTL
2024-05-15,38565889,Kalnapenkis A,2024-04-02,Sci Rep,www.ncbi.nlm.nih.gov/pubmed/38565889,Genetic determinants of plasma protein levels in the Estonian population.,ccl8 protein levels,489 European ancestry individuals,,17q12,17,34320525.0,,CCL8,,,ENSG00000108700,,,rs3138036-G,rs3138036,0,3138036.0,intron_variant,0.0,NR,8e-46,45.096910013008056,,1.075,[0.94-1.21] unit decrease,NR [8859047],N,71575,71575,Protein/biomarker QTL
2022-02-15,35078996,Gudjonsson A,2022-01-25,Nat Commun,www.ncbi.nlm.nih.gov/pubmed/35078996,A genome-wide association study of serum proteins reveals shared loci with common diseases.,serum levels of protein cdsn,"5,366 Icelandic ancestry individuals",,17q12,17,34356270.0,,CCL8 - CCL13,ENSG00000108700,ENSG00000181374,,34868.0,210.0,rs3136676-G,rs3136676,0,3136676.0,regulatory_region_variant,1.0,0.0739,2e-41,40.69897000433602,,0.481433,[0.41-0.55] unit decrease,Illumina [7506463] (imputed),N,107320,107320,Protein/biomarker QTL
2022-02-15,35078996,Gudjonsson A,2022-01-25,Nat Commun,www.ncbi.nlm.nih.gov/pubmed/35078996,A genome-wide association study of serum proteins reveals shared loci with common diseases.,serum levels of protein ccl7,"5,364 Icelandic ancestry individuals",,17q12,17,34206404.0,,LINC01989 - CCL2,ENSG00000261156,ENSG00000108691,,10467.0,48870.0,rs12601658-A,rs12601658,0,12601658.0,regulatory_region_variant,1.0,0.2191,4e-41,40.39794000867204,,0.305959,[0.26-0.35] unit decrease,Illumina [7506463] (imputed),N,-42546,42546,Protein/biomarker QTL
2023-06-23,35870639,Surapaneni A,2022-07-21,Kidney Int,www.ncbi.nlm.nih.gov/pubmed/35870639,Identification of 969 protein quantitative trait loci in an African American population with kidney disease attributed to hypertension.,c-c motif chemokine 8 level in chronic kidney disease with hypertension and no diabetes (13748_4),466 African American individuals,,17q12,17,34336850.0,,CCL8 - CCL13,ENSG00000108700,ENSG00000181374,,15448.0,19630.0,rs72825101-A,rs72825101,0,72825101.0,intergenic_variant,1.0,0.1,7e-39,38.15490195998574,,1.19,[1.01-1.37] unit decrease,Illumina [14870897] (imputed),N,87900,87900,Protein/biomarker QTL
2020-06-25,27532455,Sun W,2016-08-17,PLoS Genet,www.ncbi.nlm.nih.gov/pubmed/27532455,Common Genetic Polymorphisms Influence Blood Biomarker Measurements in COPD.,blood protein levels,"1,340 European ancestry individuals",,17q12,17,34307840.0,NR,CCL11 - CCL8,ENSG00000172156,ENSG00000108700,,19506.0,11595.0,rs2215184-?,rs2215184,0,2215184,intergenic_variant,1.0,NR,1.9999999999999998e-30,29.69897000433602,(CCL8),0.5242,[NR] unit decrease,Illumina [NR],N,58890,58890,Protein/biomarker QTL
2022-02-15,35078996,Gudjonsson A,2022-01-25,Nat Commun,www.ncbi.nlm.nih.gov/pubmed/35078996,A genome-wide association study of serum proteins reveals shared loci with common diseases.,serum levels of protein ccl7,"5,364 Icelandic ancestry individuals",,17q12,17,34479046.0,,CCL1 - TMEM132E-DT,ENSG00000108702,ENSG00000197322,,115813.0,95077.0,rs182223589-G,rs182223589,0,182223589.0,intergenic_variant,1.0,0.01538,1.9999999999999998e-26,25.69897000433602,,0.827035,[0.68-0.98] unit increase,Illumina [7506463] (imputed),N,230096,230096,Protein/biomarker QTL
2023-04-03,34648354,Pietzner M,2021-11-12,Science,www.ncbi.nlm.nih.gov/pubmed/34648354,Mapping the proteo-genomic convergence of human diseases.,c-c motif chemokine 7 levels,"10,708 European ancestry individuals",,17q12,17,34322446.0,,CCL8 - CCL13,ENSG00000108700,ENSG00000181374,,1044.0,34034.0,rs11575056-A,rs11575056,0,11575056.0,intergenic_variant,1.0,0.95,1.9999999999999998e-26,25.69897000433602,,0.318,[0.26-0.38] unit decrease,"Affymetrix, Illumina [10200000] (imputed)",N,73496,73496,Protein/biomarker QTL
2022-09-27,34814699,Katz DH,2021-11-24,Circulation,www.ncbi.nlm.nih.gov/pubmed/34814699,Whole Genome Sequence Analysis of the Plasma Proteome in Black Adults Provides Novel Insights Into Cardiovascular Disease.,c-c motif chemokine 8 levels,"1,852 African American or Afro-Caribbean individuals","1,688 African American or Afro-Caribbean, Hispanic or Latin American, Asian ancestry, European ancestry individuals",17q12,17,34327298.0,,CCL8 - CCL13,ENSG00000108700,ENSG00000181374,,5896.0,29182.0,rs1594542-?,rs1594542,0,1594542.0,intergenic_variant,1.0,NR,7.999999999999999e-26,25.096910013008056,,0.37,[0.29-0.45] unit decrease,Illumina [NR],N,78348,78348,Protein/biomarker QTL
2022-10-24,36168886,Thareja G,2022-09-28,Hum Mol Genet,www.ncbi.nlm.nih.gov/pubmed/36168886,Differences and commonalities in the genetic architecture of protein quantitative trait loci in European and Arab populations.,c-c motif chemokine 7 levels,"2,935 Qatari ancestry individuals",,17q12,17,34349743.0,,CCL8 - CCL13,ENSG00000108700,ENSG00000181374,,28341.0,6737.0,rs9895412-G,rs9895412,0,9895412.0,intergenic_variant,1.0,0.293697,1.0000000000000001e-24,24.0,,0.298368,[0.24-0.36] unit increase,NR [10004359],N,100793,100793,Protein/biomarker QTL
2022-10-24,36168886,Thareja G,2022-09-28,Hum Mol Genet,www.ncbi.nlm.nih.gov/pubmed/36168886,Differences and commonalities in the genetic architecture of protein quantitative trait loci in European and Arab populations.,c-c motif chemokine 7 levels,"2,935 Qatari ancestry individuals",,17q12,17,34200035.0,,LINC01989 - CCL2,ENSG00000261156,ENSG00000108691,,4098.0,55239.0,rs72825010-A,rs72825010,0,72825010.0,TF_binding_site_variant,1.0,0.0494037,2.0000000000000002e-24,23.69897000433602,,0.633789,[0.51-0.76] unit decrease,NR [10004359],N,-48915,48915,Protein/biomarker QTL
2022-10-24,36168886,Thareja G,2022-09-28,Hum Mol Genet,www.ncbi.nlm.nih.gov/pubmed/36168886,Differences and commonalities in the genetic architecture of protein quantitative trait loci in European and Arab populations.,c-c motif chemokine 7 levels,"2,935 Qatari ancestry individuals",,17q12,17,34308534.0,,CCL11 - CCL8,ENSG00000172156,ENSG00000108700,,20200.0,10901.0,rs16969454-C,rs16969454,0,16969454.0,intergenic_variant,1.0,0.266269,3e-24,23.522878745280337,,0.311436,[0.25-0.37] unit increase,NR [10004359],N,59584,59584,Protein/biomarker QTL
2023-06-23,35870639,Surapaneni A,2022-07-21,Kidney Int,www.ncbi.nlm.nih.gov/pubmed/35870639,Identification of 969 protein quantitative trait loci in an African American population with kidney disease attributed to hypertension.,c-c motif chemokine 7 level in chronic kidney disease with hypertension and no diabetes (4886_3),466 African American individuals,,17q12,17,34336850.0,,CCL8 - CCL13,ENSG00000108700,ENSG00000181374,,15448.0,19630.0,rs72825101-A,rs72825101,0,72825101.0,intergenic_variant,1.0,0.1,6e-22,21.22184874961636,,0.93,[0.73-1.13] unit decrease,Illumina [14870897] (imputed),N,87900,87900,Protein/biomarker QTL
2022-02-15,35078996,Gudjonsson A,2022-01-25,Nat Commun,www.ncbi.nlm.nih.gov/pubmed/35078996,A genome-wide association study of serum proteins reveals shared loci with common diseases.,serum levels of protein cdsn,"5,366 Icelandic ancestry individuals",,17q12,17,34259075.0,,CCL2 - CCL7,ENSG00000108691,ENSG00000108688,,1867.0,11146.0,rs2530797-C,rs2530797,0,2530797.0,intergenic_variant,1.0,0.3151,3e-21,20.522878745280337,,0.193045,[0.15-0.23] unit decrease,Illumina [7506463] (imputed),N,10125,10125,Protein/biomarker QTL
2023-01-10,29875488,Sun BB,2018-06-06,Nature,www.ncbi.nlm.nih.gov/pubmed/29875488,Genomic atlas of the human plasma proteome.,corneodesmosin levels (cdsn.7085.81.3),"3,301 European ancestry individuals",,17q12,17,34355597.0,,CCL8 - CCL13,ENSG00000108700,ENSG00000181374,,34195.0,883.0,rs3136674-C,rs3136674,0,3136674.0,regulatory_region_variant,1.0,0.055,5e-21,20.30102999566398,,0.52,[-0.4--0.64] unit decrease,Affymetrix [10572788] (imputed),N,106647,106647,Protein/biomarker QTL
2020-06-25,27532455,Sun W,2016-08-17,PLoS Genet,www.ncbi.nlm.nih.gov/pubmed/27532455,Common Genetic Polymorphisms Influence Blood Biomarker Measurements in COPD.,blood protein levels,"1,340 European ancestry individuals",,17q12,17,34329583.0,NR,CCL8 - CCL13,ENSG00000108700,ENSG00000181374,,8181.0,26897.0,rs9914367-?,rs9914367,0,9914367,intergenic_variant,1.0,NR,3e-19,18.522878745280337,(CCL8),0.3092,[NR] unit decrease,Illumina [NR],N,80633,80633,Protein/biomarker QTL
2023-04-03,34648354,Pietzner M,2021-11-12,Science,www.ncbi.nlm.nih.gov/pubmed/34648354,Mapping the proteo-genomic convergence of human diseases.,eotaxin levels,"10,708 European ancestry individuals",,17q12,17,34192082.0,,LINC01989,,,ENSG00000261156,,,rs9903369-A,rs9903369,0,9903369.0,intron_variant,0.0,0.58,6e-19,18.22184874961636,,0.117,[0.092-0.142] unit increase,"Affymetrix, Illumina [10200000] (imputed)",N,-56868,56868,Protein/biomarker QTL
2024-03-26,38412862,Suhre K,2024-02-20,Cell Genom,www.ncbi.nlm.nih.gov/pubmed/38412862,Genetic associations with ratios between protein levels detect new pQTLs and reveal protein-protein interactions.,ccl11/ccl2 protein level ratio,"43,509 European ancestry individuals",,17q12,17,34202691.0,,LINC01989 - CCL2,ENSG00000261156,ENSG00000108691,,6754.0,52583.0,rs72825017-?,rs72825017,0,72825017,intergenic_variant,1.0,NR,5e-17,16.30102999566398,,0.132428,[0.1-0.16] increase,Affymetrix [509492],N,-46259,46259,Protein/biomarker QTL
2022-02-15,35078996,Gudjonsson A,2022-01-25,Nat Commun,www.ncbi.nlm.nih.gov/pubmed/35078996,A genome-wide association study of serum proteins reveals shared loci with common diseases.,serum levels of protein ccl8,"5,359 Icelandic ancestry individuals",,17q12,17,34206404.0,,LINC01989 - CCL2,ENSG00000261156,ENSG00000108691,,10467.0,48870.0,rs12601658-A,rs12601658,0,12601658.0,regulatory_region_variant,1.0,0.2191,6e-16,15.221848749616356,,0.17875,[0.14-0.22] unit decrease,Illumina [7506463] (imputed),N,-42546,42546,Protein/biomarker QTL
2022-10-24,36168886,Thareja G,2022-09-28,Hum Mol Genet,www.ncbi.nlm.nih.gov/pubmed/36168886,Differences and commonalities in the genetic architecture of protein quantitative trait loci in European and Arab populations.,c-c motif chemokine 7 levels,"2,935 Qatari ancestry individuals",,17q12,17,34339833.0,,CCL8 - CCL13,ENSG00000108700,ENSG00000181374,,18431.0,16647.0,rs182405760-T,rs182405760,0,182405760.0,intergenic_variant,1.0,0.0194208,8e-16,15.096910013008056,,0.791604,[0.6-0.98] unit decrease,NR [10004359],N,90883,90883,Protein/biomarker QTL
2023-08-21,37563310,Zhao JH,2023-08-10,Nat Immunol,www.ncbi.nlm.nih.gov/pubmed/37563310,Genetics of circulating inflammatory proteins identifies drivers of immune-mediated disease risk and therapeutic targets.,eotaxin levels,"14,734 European ancestry individuals","1,585 European or unknown ancestry individuals",17q12,17,34292033.0,,CCL11 - CCL8,ENSG00000172156,ENSG00000108700,,3699.0,27402.0,rs79722574-T,rs79722574,0,79722574.0,intergenic_variant,1.0,0.17,8e-15,14.096910013008056,,0.121,[0.09-0.152] unit decrease,"Affymetrix, Illumina [12957206] (imputed)",N,43083,43083,Protein/biomarker QTL
2022-04-11,28240269,Suhre K,2017-02-27,Nat Commun,www.ncbi.nlm.nih.gov/pubmed/28240269,Connecting genetic risk to disease end points through the human blood plasma proteome.,c-c motif chemokine 8 levels,997 European ancestry individuals,"338 Greater Middle Eastern (Middle Eastern, North African or Persian), South Asian ancestry, Asian ancestry individuals",17q12,17,34320525.0,,CCL8,,,ENSG00000108700,,,rs3138036-G,rs3138036,0,3138036.0,intron_variant,0.0,NR,1e-14,14.0,(EA),0.4704,[0.35-0.59] unit decrease,Affymetrix [509946],N,71575,71575,Protein/biomarker QTL
2022-10-24,36168886,Thareja G,2022-09-28,Hum Mol Genet,www.ncbi.nlm.nih.gov/pubmed/36168886,Differences and commonalities in the genetic architecture of protein quantitative trait loci in European and Arab populations.,c-c motif chemokine 7 levels,"2,935 Qatari ancestry individuals",,17q12,17,34227435.0,,LINC01989 - CCL2,ENSG00000261156,ENSG00000108691,,31498.0,27839.0,rs1989357-T,rs1989357,0,1989357.0,regulatory_region_variant,1.0,0.428255,2e-14,13.69897000433602,,0.207469,[0.15-0.26] unit decrease,NR [10004359],N,-21515,21515,Protein/biomarker QTL
2022-10-24,36168886,Thareja G,2022-09-28,Hum Mol Genet,www.ncbi.nlm.nih.gov/pubmed/36168886,Differences and commonalities in the genetic architecture of protein quantitative trait loci in European and Arab populations.,c-c motif chemokine 7 levels,"2,935 Qatari ancestry individuals",,17q12,17,34221514.0,,LINC01989 - CCL2,ENSG00000261156,ENSG00000108691,,25577.0,33760.0,rs11655679-C,rs11655679,0,11655679.0,regulatory_region_variant,1.0,0.243271,3e-14,13.522878745280336,,0.239959,[0.18-0.3] unit decrease,NR [10004359],N,-27436,27436,Protein/biomarker QTL
2022-10-24,36168886,Thareja G,2022-09-28,Hum Mol Genet,www.ncbi.nlm.nih.gov/pubmed/36168886,Differences and commonalities in the genetic architecture of protein quantitative trait loci in European and Arab populations.,c-c motif chemokine 8 levels,"2,935 Qatari ancestry individuals",,17q12,17,34308534.0,,CCL11 - CCL8,ENSG00000172156,ENSG00000108700,,20200.0,10901.0,rs16969454-C,rs16969454,0,16969454.0,intergenic_variant,1.0,0.266269,4e-14,13.397940008672036,,0.231453,[0.17-0.29] unit increase,NR [10004359],N,59584,59584,Protein/biomarker QTL
2023-01-10,29875488,Sun BB,2018-06-06,Nature,www.ncbi.nlm.nih.gov/pubmed/29875488,Genomic atlas of the human plasma proteome.,corneodesmosin levels (cdsn.7085.81.3),"3,301 European ancestry individuals",,17q12,17,34247429.0,,LINC01989 - CCL2,ENSG00000261156,ENSG00000108691,,51492.0,7845.0,rs4795893-A,rs4795893,0,4795893.0,intergenic_variant,1.0,0.361,9e-14,13.045757490560677,,0.19,[0.13-0.25] unit increase,Affymetrix [10572788] (imputed),N,-1521,1521,Protein/biomarker QTL
2022-02-15,35078996,Gudjonsson A,2022-01-25,Nat Commun,www.ncbi.nlm.nih.gov/pubmed/35078996,A genome-wide association study of serum proteins reveals shared loci with common diseases.,serum levels of protein ccl8,"5,337 Icelandic ancestry individuals",,17q12,17,34206404.0,,LINC01989 - CCL2,ENSG00000261156,ENSG00000108691,,10467.0,48870.0,rs12601658-A,rs12601658,0,12601658.0,regulatory_region_variant,1.0,0.2191,2e-13,12.69897000433602,,0.148754,[0.11-0.19] unit decrease,Illumina [7506463] (imputed),N,-42546,42546,Protein/biomarker QTL
2022-10-24,36168886,Thareja G,2022-09-28,Hum Mol Genet,www.ncbi.nlm.nih.gov/pubmed/36168886,Differences and commonalities in the genetic architecture of protein quantitative trait loci in European and Arab populations.,c-c motif chemokine 7 levels,"2,935 Qatari ancestry individuals",,17q12,17,34328184.0,,CCL8 - CCL13,ENSG00000108700,ENSG00000181374,,6782.0,28296.0,rs1897350-T,rs1897350,0,1897350.0,intergenic_variant,1.0,0.032879,2e-13,12.69897000433602,,0.552163,[0.41-0.7] unit increase,NR [10004359],N,79234,79234,Protein/biomarker QTL
2022-10-24,36168886,Thareja G,2022-09-28,Hum Mol Genet,www.ncbi.nlm.nih.gov/pubmed/36168886,Differences and commonalities in the genetic architecture of protein quantitative trait loci in European and Arab populations.,c-c motif chemokine 7 levels,"2,935 Qatari ancestry individuals",,17q12,17,34267644.0,,CCL2 - CCL7,ENSG00000108691,ENSG00000108688,,10436.0,2577.0,rs2190970-C,rs2190970,0,2190970.0,intergenic_variant,1.0,0.0428474,5e-13,12.30102999566398,,0.475874,[0.35-0.61] unit decrease,NR [10004359],N,18694,18694,Protein/biomarker QTL
2023-06-23,35870639,Surapaneni A,2022-07-21,Kidney Int,www.ncbi.nlm.nih.gov/pubmed/35870639,Identification of 969 protein quantitative trait loci in an African American population with kidney disease attributed to hypertension.,corneodesmosin level in chronic kidney disease with hypertension and no diabetes (7085_81),466 African American individuals,,17q12,17,34356270.0,,CCL8 - CCL13,ENSG00000108700,ENSG00000181374,,34868.0,210.0,rs3136676-G,rs3136676,0,3136676.0,regulatory_region_variant,1.0,0.13,5e-12,11.30102999566398,,0.65,[0.47-0.83] unit decrease,Illumina [14870897] (imputed),N,107320,107320,Protein/biomarker QTL
2023-01-10,29875488,Sun BB,2018-06-06,Nature,www.ncbi.nlm.nih.gov/pubmed/29875488,Genomic atlas of the human plasma proteome.,c-c motif chemokine 8 levels (ccl8.2785.15.2),"3,301 European ancestry individuals",,17q12,17,34320812.0,,CCL8,,,ENSG00000108700,,,rs1133763-C,rs1133763,0,1133763.0,missense_variant,0.0,0.158,1e-11,11.0,,0.23,[-0.17--0.29] unit decrease,Affymetrix [10572788] (imputed),N,71862,71862,Protein/biomarker QTL
2022-04-11,28240269,Suhre K,2017-02-27,Nat Commun,www.ncbi.nlm.nih.gov/pubmed/28240269,Connecting genetic risk to disease end points through the human blood plasma proteome.,c-c motif chemokine 8 levels,997 European ancestry individuals,"338 Greater Middle Eastern (Middle Eastern, North African or Persian), South Asian ancestry, Asian ancestry individuals",17q12,17,34333130.0,,CCL8 - CCL13,ENSG00000108700,ENSG00000181374,,11728.0,23350.0,rs12602195-?,rs12602195,0,12602195.0,intergenic_variant,1.0,NR,4e-11,10.397940008672036,(EA),,,Affymetrix [509946],N,84180,84180,Protein/biomarker QTL
2021-10-15,34343768,Chu X,2021-07-01,Sleep Med,www.ncbi.nlm.nih.gov/pubmed/34343768,Insomnia affects the levels of plasma bilirubin and protein metabolism: an observational study and GWGEIS in UK Biobank cohort.,total protein levels x insomnia interaction,"93,452 cases with insomnia, 78,122 controls without insomnia",,17q12,17,34518833.0,,CCL1 - TMEM132E-DT,ENSG00000108702,ENSG00000197322,,155600.0,55290.0,rs72829268-?,rs72829268,0,72829268.0,regulatory_region_variant,1.0,NR,7e-10,9.154901959985745,,,,Affymetrix [NR] (imputed),N,269883,269883,Protein/biomarker QTL
2024-05-15,38565889,Kalnapenkis A,2024-04-02,Sci Rep,www.ncbi.nlm.nih.gov/pubmed/38565889,Genetic determinants of plasma protein levels in the Estonian population.,ccl8 protein levels,489 European ancestry individuals,,17q12,17,34320338.0,,CCL8,,,ENSG00000108700,,,rs34202026-T,rs34202026,0,34202026.0,missense_variant,0.0,NR,1e-08,8.0,,0.7228,[0.48-0.97] unit decrease,NR [8859047],N,71388,71388,Protein/biomarker QTL
2024-05-15,38565889,Kalnapenkis A,2024-04-02,Sci Rep,www.ncbi.nlm.nih.gov/pubmed/38565889,Genetic determinants of plasma protein levels in the Estonian population.,ccl8 protein levels,489 European ancestry individuals,,17q12,17,34335952.0,,CCL8 - CCL13,ENSG00000108700,ENSG00000181374,,14550.0,20528.0,rs4262996-C,rs4262996,0,4262996.0,intergenic_variant,1.0,NR,3e-08,7.522878745280337,,0.3487,[0.23-0.47] unit increase,NR [8859047],N,87002,87002,Protein/biomarker QTL
2024-05-15,38565889,Kalnapenkis A,2024-04-02,Sci Rep,www.ncbi.nlm.nih.gov/pubmed/38565889,Genetic determinants of plasma protein levels in the Estonian population.,ccl8 protein levels,489 European ancestry individuals,,17q12,17,34307522.0,,CCL11 - CCL8,ENSG00000172156,ENSG00000108700,,19188.0,11913.0,rs2041190-A,rs2041190,0,2041190.0,intergenic_variant,1.0,NR,4e-08,7.397940008672037,,0.3412,[0.22-0.46] unit decrease,NR [8859047],N,58572,58572,Protein/biomarker QTL
2020-06-25,27532455,Sun W,2016-08-17,PLoS Genet,www.ncbi.nlm.nih.gov/pubmed/27532455,Common Genetic Polymorphisms Influence Blood Biomarker Measurements in COPD.,blood protein levels,"1,340 European ancestry individuals",,17q12,17,34355597.0,NR,CCL8 - CCL13,ENSG00000108700,ENSG00000181374,,34195.0,883.0,rs3136674-?,rs3136674,0,3136674,regulatory_region_variant,1.0,NR,5e-08,7.301029995663981,(CCL13),0.5162,[NR] unit decrease,Illumina [NR],N,106647,106647,Protein/biomarker QTL
2017-08-04,27989323,Ahola-Olli AV,2016-12-13,Am J Hum Genet,www.ncbi.nlm.nih.gov/pubmed/27989323,Genome-wide Association Study Identifies 27 Loci Influencing Concentrations of Circulating Cytokines and Growth Factors.,eotaxin levels,"8,153 Finnish ancestry individuals",,17q12,17,34292033.0,NR,CCL11 - CCL8,ENSG00000172156,ENSG00000108700,,3699.0,27402.0,rs79722574-C,rs79722574,0,79722574.0,intergenic_variant,1.0,NR,1e-06,6.0,,0.1113,[0.067-0.156] SD units increase,NR [10700000] (imputed),N,43083,43083,Protein/biomarker QTL
2022-11-30,35264221,Caron B,2022-03-09,Genome Med,www.ncbi.nlm.nih.gov/pubmed/35264221,Integrative genetic and immune cell analysis of plasma proteins in healthy donors identifies novel associations involving primary immune deficiency genes.,mcp 2 plasma levels,400 French ancestry individuals,,17q12,17,34320525.0,,CCL8,,,ENSG00000108700,,,rs3138036-A,rs3138036,0,3138036.0,intron_variant,0.0,NR,3e-06,5.522878745280337,,0.197,[0.11-0.28] pg/mL decrease,Illumina [5201092] (imputed),N,71575,71575,Protein/biomarker QTL
